Actual_Sales,Predicted_Sales,Residual,Abs_Error,Index
563.808,29.453674,534.3543256835937,534.3543256835937,0
36.672,12.477455,24.19454486083984,24.19454486083984,1
37.3,220.68623,-183.3862335205078,183.3862335205078,2
212.058,527.8162,-315.75822314453126,315.75822314453126,3
171.288,103.10618,68.1818217163086,68.1818217163086,4
99.136,41.380177,57.75582345581054,57.75582345581054,5
340.182,455.93567,-115.75366894531248,115.75366894531248,6
17.38,8.258931,9.121068840026854,9.121068840026854,7
22.62,2.8080337,19.81196629524231,19.81196629524231,8
71.632,28.629574,43.00242617797852,43.00242617797852,9
10.476,6.0065613,4.469438720703126,4.469438720703126,10
76.92,159.27464,-82.35464294433594,82.35464294433594,11
20.86,116.398125,-95.53812469482422,95.53812469482422,12
431.976,308.08057,123.89543359375,123.89543359375,13
307.98,223.93803,84.04196594238283,84.04196594238283,14
121.792,20.807714,100.98428553771973,100.98428553771973,15
61.96,20.489666,41.47033401489258,41.47033401489258,16
8.8,57.73465,-48.93464965820313,48.93464965820313,17
4.536,-11.696497,16.232496963500978,16.232496963500978,18
12.864,0.97982955,11.884170450210572,11.884170450210572,19
1123.92,400.46585,723.454149169922,723.454149169922,20
30.36,464.8101,-434.4500891113281,434.4500891113281,21
91.59,28.679237,62.91076263427735,62.91076263427735,22
41.96,101.61714,-59.65714172363281,59.65714172363281,23
30.56,88.782524,-58.22252410888672,58.22252410888672,24
27.992,77.313896,-49.321896179199214,49.321896179199214,25
60.12,136.12485,-76.00484741210937,76.00484741210937,26
25.344,29.305473,-3.9614733276367176,3.9614733276367176,27
15.96,14.258853,1.7011470413208016,1.7011470413208016,28
179.97,164.50954,15.460463256835936,15.460463256835936,29
756.8,231.84193,524.9580657958984,524.9580657958984,30
44.856,-24.814005,69.67000489807128,69.67000489807128,31
89.98,200.11081,-110.13080932617187,110.13080932617187,32
12.99,33.636055,-20.64605499267578,20.64605499267578,33
7.92,29.619932,-21.699932174682615,21.699932174682615,34
17.94,5.390194,12.549806060791017,12.549806060791017,35
1097.544,511.8794,585.6646054687501,585.6646054687501,36
122.136,120.90613,1.2298720703124957,1.2298720703124957,37
393.568,308.2663,85.30170361328123,85.30170361328123,38
56.784,66.26586,-9.48186151123047,9.48186151123047,39
23.832,7.0422134,16.789786560058594,16.789786560058594,40
17.48,38.53088,-21.050879974365234,21.050879974365234,41
55.92,56.821323,-0.9013233947753889,0.9013233947753889,42
479.97,289.82187,190.14813110351565,190.14813110351565,43
88.832,20.658997,68.17300341796874,68.17300341796874,44
3.62,22.147736,-18.527735595703124,18.527735595703124,45
20.7,15.823638,4.876362037658691,4.876362037658691,46
8.56,47.189964,-38.62996429443359,38.62996429443359,47
1294.75,640.44617,654.3038330078125,654.3038330078125,48
11.76,19.619448,-7.859447708129883,7.859447708129883,49
4548.81,2869.838,1678.9721093750004,1678.9721093750004,50
31.248,104.326004,-73.07800402832031,73.07800402832031,51
138.0,79.76488,58.23512268066406,58.23512268066406,52
971.5,662.15564,309.3443603515625,309.3443603515625,53
19.05,28.650375,-9.600375366210937,9.600375366210937,54
13.52,5.1096573,8.410342712402343,8.410342712402343,55
259.98,164.24687,95.73312805175783,95.73312805175783,56
61.96,11.02664,50.93336006164551,50.93336006164551,57
555.21,213.00635,342.20365234375004,342.20365234375004,58
10.584,23.776688,-13.192687622070313,13.192687622070313,59
17.12,65.96767,-48.84766662597656,48.84766662597656,60
23.85,86.8148,-62.964796447753905,62.964796447753905,61
26.032,4.95562,21.07638018798828,21.07638018798828,62
32.064,99.29208,-67.22808374023438,67.22808374023438,63
47.94,131.8098,-83.86979919433594,83.86979919433594,64
154.9,59.19561,95.70438995361329,95.70438995361329,65
9.344,18.780025,-9.436025482177735,9.436025482177735,66
14.13,15.017332,-0.8873320770263664,0.8873320770263664,67
207.846,380.71802,-172.872017578125,172.872017578125,68
90.48,105.41348,-14.933482666015621,14.933482666015621,69
2.724,-5.3084335,8.032433532714844,8.032433532714844,70
523.26,576.2443,-52.98432373046876,52.98432373046876,71
72.6,460.52252,-387.9225219726562,387.9225219726562,72
8.56,14.999013,-6.439012947082519,6.439012947082519,73
3.76,20.2636,-16.503599395751955,16.503599395751955,74
595.38,1240.0695,-644.6894580078125,644.6894580078125,75
1669.6,216.76399,1452.8360076904296,1452.8360076904296,76
13.776,14.882975,-1.1069746246337893,1.1069746246337893,77
22.72,34.625336,-11.905335693359376,11.905335693359376,78
483.136,587.634,-104.49797216796873,104.49797216796873,79
124.792,192.46815,-67.67615490722656,67.67615490722656,80
367.96,119.35069,248.60930725097654,248.60930725097654,81
6.48,8.747558,-2.267557640075683,2.267557640075683,82
61.44,36.101707,25.338292541503904,25.338292541503904,83
49.568,7.381503,42.186496894836424,42.186496894836424,84
604.768,373.7674,231.00060498046878,231.00060498046878,85
659.168,383.36395,275.80404736328126,275.80404736328126,86
233.058,338.80017,-105.74217089843751,105.74217089843751,87
227.976,308.3839,-80.4079111328125,80.4079111328125,88
603.92,587.4979,16.42207519531246,16.42207519531246,89
2244.48,1441.8168,802.6632275390625,802.6632275390625,90
65.17,54.226982,10.943017883300783,10.943017883300783,91
38.88,93.97046,-55.090458984375,55.090458984375,92
12.39,70.242676,-57.85267578125,57.85267578125,93
20.736,22.695232,-1.9592323913574212,1.9592323913574212,94
12.84,60.94162,-48.10161987304687,48.10161987304687,95
221.55,22.596031,198.95396881103517,198.95396881103517,96
90.882,27.166162,63.71583750915528,63.71583750915528,97
81.92,73.512924,8.407075805664064,8.407075805664064,98
449.1,461.31934,-12.219335937499977,12.219335937499977,99
67.9932,223.7626,-155.76940375976562,155.76940375976562,100
29.808,12.564917,17.243083389282226,17.243083389282226,101
48.712,182.3442,-133.63219250488282,133.63219250488282,102
2567.84,2246.225,321.61490234375015,321.61490234375015,103
2573.82,2490.059,83.76091796875016,83.76091796875016,104
470.376,233.82552,236.55048425292966,236.55048425292966,105
194.848,367.56964,-172.72164111328124,172.72164111328124,106
60.312,94.48442,-34.17242077636719,34.17242077636719,107
15.232,118.24963,-103.0176337890625,103.0176337890625,108
14.94,19.80201,-4.862009582519532,4.862009582519532,109
26.8,48.125015,-21.325015258789062,21.325015258789062,110
144.12,76.57834,67.54166137695313,67.54166137695313,111
7.52,99.41591,-91.89590881347657,91.89590881347657,112
231.92,366.20386,-134.283857421875,134.283857421875,113
89.97,73.06993,16.90006896972656,16.90006896972656,114
8.448,29.904219,-21.456218673706054,21.456218673706054,115
863.928,489.61615,374.31185009765625,374.31185009765625,116
77.728,139.46397,-61.73597399902344,61.73597399902344,117
139.93,230.4118,-90.48180419921874,90.48180419921874,118
25.344,81.995346,-56.651346069335936,56.651346069335936,119
7.24,74.74399,-67.50398803710938,67.50398803710938,120
23.84,96.46356,-72.62356201171875,72.62356201171875,121
105.584,116.715866,-11.131866088867184,11.131866088867184,122
310.12,18.074911,292.0450888824463,292.0450888824463,123
7.98,18.48975,-10.509749908447265,10.509749908447265,124
411.332,268.8695,142.4624931640625,142.4624931640625,125
630.024,317.65134,312.3726633300781,312.3726633300781,126
36.624,9.20438,27.41961996459961,27.41961996459961,127
204.95,130.44727,74.50273437499999,74.50273437499999,128
10.56,20.812466,-10.252465667724609,10.252465667724609,129
589.9,239.00186,350.89813842773435,350.89813842773435,130
96.53,254.715,-158.18499633789062,158.18499633789062,131
97.98,155.6066,-57.62659790039062,57.62659790039062,132
7.78,31.220367,-23.440367431640624,23.440367431640624,133
5.248,2.554029,2.6939710121154787,2.6939710121154787,134
47.04,120.49237,-73.45237060546876,73.45237060546876,135
3347.37,1396.315,1951.05505859375,1951.05505859375,136
34.504,74.4165,-39.91249627685547,39.91249627685547,137
15.76,3.5982177,12.161782274246216,12.161782274246216,138
13.92,16.882814,-2.962814407348633,2.962814407348633,139
33.8,16.033329,17.76667098999023,17.76667098999023,140
333.576,316.01367,17.562328125000022,17.562328125000022,141
265.86,268.3363,-2.4763037109374864,2.4763037109374864,142
43.57,7.726305,35.84369499206543,35.84369499206543,143
232.55,209.90053,22.64947204589845,22.64947204589845,144
124.2,280.83603,-156.6360290527344,156.6360290527344,145
10.384,85.47749,-75.09349328613281,75.09349328613281,146
465.16,27.21317,437.94683090209963,437.94683090209963,147
29.472,11.855413,17.616586563110353,17.616586563110353,148
71.96,332.31653,-260.3565283203125,260.3565283203125,149
1071.576,754.38824,317.1877553710938,317.1877553710938,150
285.48,403.6025,-118.12250854492186,118.12250854492186,151
86.304,80.76613,5.5378714599609395,5.5378714599609395,152
11.088,10.611122,0.47687786865234294,0.47687786865234294,153
29.79,9.27437,20.515629806518554,20.515629806518554,154
124.2,235.02751,-110.82751159667968,110.82751159667968,155
58.58,114.045586,-55.46558563232422,55.46558563232422,156
12.18,332.19153,-320.0115283203125,320.0115283203125,157
16.896,45.150345,-28.25434484863281,28.25434484863281,158
859.2,450.32993,408.87007446289067,408.87007446289067,159
74.112,425.6981,-351.5860895996094,351.5860895996094,160
29.34,27.528965,1.8110350036621092,1.8110350036621092,161
49.848,16.45266,33.395340393066405,33.395340393066405,162
86.352,50.89858,35.453421356201176,35.453421356201176,163
4158.912,1208.3054,2950.6065800781253,2950.6065800781253,164
6.464,36.721508,-30.25750802612305,30.25750802612305,165
8.226,6.7127304,1.5132695922851571,1.5132695922851571,166
64.864,97.96531,-33.1013091430664,33.1013091430664,167
74.0,107.09542,-33.095420837402344,33.095420837402344,168
520.464,217.73564,302.72835852050787,302.72835852050787,169
1.744,2.3457243,-0.60172434425354,0.60172434425354,170
9.84,23.078484,-13.238483581542969,13.238483581542969,171
123.256,73.560715,49.69528527832031,49.69528527832031,172
200.795,185.3032,15.49179260253905,15.49179260253905,173
88.752,6.7931204,81.95887961578369,81.95887961578369,174
22.24,10.504511,11.735489120483397,11.735489120483397,175
79.36,60.07351,19.286490783691406,19.286490783691406,176
5.248,32.29937,-27.051369812011718,27.051369812011718,177
32.432,9.651937,22.780063468933108,22.780063468933108,178
3.318,32.981487,-29.66348727416992,29.66348727416992,179
194.352,51.133743,143.2182567138672,143.2182567138672,180
10.272,13.244426,-2.9724257736206052,2.9724257736206052,181
11.36,47.360886,-36.00088562011719,36.00088562011719,182
7.04,31.059885,-24.019885025024415,24.019885025024415,183
479.984,138.14807,341.8359287109375,341.8359287109375,184
15.552,2.4768083,13.075191690444946,13.075191690444946,185
19.76,183.72829,-163.96828674316407,163.96828674316407,186
16.821,-2.0266545,18.84765448188782,18.84765448188782,187
129.3,6.4209805,122.8790195465088,122.8790195465088,188
590.058,763.7281,-173.67008837890626,173.67008837890626,189
29.372,10.380085,18.99191500854492,18.99191500854492,190
61.02,35.943977,25.076022644042972,25.076022644042972,191
66.03,20.539524,45.49047592163086,45.49047592163086,192
12.48,11.132366,1.3476338195800786,1.3476338195800786,193
20.808,29.899588,-9.091587631225586,9.091587631225586,194
102.3,185.07588,-82.77588195800782,82.77588195800782,195
150.408,128.8183,21.589701660156237,21.589701660156237,196
283.92,512.278,-228.35801513671873,228.35801513671873,197
485.94,247.01648,238.9235205078125,238.9235205078125,198
1.64,19.251968,-17.611968383789062,17.611968383789062,199
2803.92,367.91708,2436.0029162597657,2436.0029162597657,200
128.058,406.62775,-278.56974658203126,278.56974658203126,201
116.76,137.25029,-20.490289916992182,20.490289916992182,202
6.08,11.255,-5.175000114440918,5.175000114440918,203
159.98,161.35309,-1.3730883789062602,1.3730883789062602,204
64.96,9.855679,55.104321441650384,55.104321441650384,205
470.302,543.384,-73.08197216796873,73.08197216796873,206
167.86,45.89763,121.96237121582033,121.96237121582033,207
61.4,145.86357,-84.46357116699218,84.46357116699218,208
79.14,7.454216,71.68578399658203,71.68578399658203,209
665.88,417.03165,248.84835327148437,248.84835327148437,210
95.68,390.00308,-294.3230822753906,294.3230822753906,211
1088.792,1830.5245,-741.7325361328126,741.7325361328126,212
16.56,16.385412,0.17458778381347528,0.17458778381347528,213
104.97,162.7165,-57.746506958007814,57.746506958007814,214
62.18,9.967199,52.212800674438476,52.212800674438476,215
2249.91,1227.4634,1022.4466210937499,1022.4466210937499,216
209.7,278.95435,-69.25434570312501,69.25434570312501,217
6.16,133.04301,-126.88301452636719,126.88301452636719,218
22.96,312.60645,-289.6464453125,289.6464453125,219
773.94,612.47546,161.46453613281255,161.46453613281255,220
15.528,4.496148,11.031851890563965,11.031851890563965,221
556.665,425.31427,131.3507299804687,131.3507299804687,222
7.04,14.083154,-7.04315372467041,7.04315372467041,223
10.272,45.126472,-34.85447247314453,34.85447247314453,224
23.992,-19.912868,43.904868499755864,43.904868499755864,225
39.264,163.79999,-124.53598779296874,124.53598779296874,226
357.93,29.871727,328.0582730102539,328.0582730102539,227
5.304,27.823486,-22.519486328124998,22.519486328124998,228
48.81,68.947815,-20.137814941406248,20.137814941406248,229
16.496,9.358032,7.137967773437499,7.137967773437499,230
37.2,61.812885,-24.612885284423825,24.612885284423825,231
33.36,34.68285,-1.3228498840332037,1.3228498840332037,232
31.104,39.01541,-7.911411376953126,7.911411376953126,233
225.576,215.5084,10.067592407226556,10.067592407226556,234
16.74,29.819178,-13.079177627563478,13.079177627563478,235
122.97,217.155,-94.18499877929688,94.18499877929688,236
466.32,152.05856,314.2614367675781,314.2614367675781,237
386.34,10.179548,376.16045173645017,376.16045173645017,238
572.8,255.54536,317.25463562011714,317.25463562011714,239
161.568,113.66878,47.8992225341797,47.8992225341797,240
9.912,17.5211,-7.609099090576171,7.609099090576171,241
9.552,53.141506,-43.58950619506836,43.58950619506836,242
37.312,72.229294,-34.91729382324219,34.91729382324219,243
12.96,9.917306,3.042694053649903,3.042694053649903,244
21.72,29.353819,-7.633818893432618,7.633818893432618,245
116.832,246.08792,-129.25592114257813,129.25592114257813,246
241.96,15.877812,226.08218761444093,226.08218761444093,247
8.69,26.150185,-17.46018463134766,17.46018463134766,248
15.984,8.795813,7.1881873931884765,7.1881873931884765,249
20.62,22.398907,-1.7789067077636709,1.7789067077636709,250
6.68,14.094855,-7.414855308532715,7.414855308532715,251
22.5,125.087654,-102.58765411376953,102.58765411376953,252
41.4,52.149403,-10.749402618408205,10.749402618408205,253
4.836,-12.406185,17.242185150146483,17.242185150146483,254
13.272,22.553858,-9.281857803344726,9.281857803344726,255
399.95,429.07104,-29.12104492187501,29.12104492187501,256
142.8,100.80678,41.99322204589845,41.99322204589845,257
12.536,4.051246,8.484753833770752,8.484753833770752,258
19.44,57.4672,-38.02720123291016,38.02720123291016,259
772.68,354.29904,418.3809582519531,418.3809582519531,260
3.424,5.7372675,-2.3132674942016602,2.3132674942016602,261
31.008,5.513421,25.494578941345214,25.494578941345214,262
2.624,9.93512,-7.3111196289062494,7.3111196289062494,263
39.92,35.81993,4.100068969726564,4.100068969726564,264
49.632,38.38556,11.246440917968748,11.246440917968748,265
99.28,12.128963,87.15103652954102,87.15103652954102,266
1126.02,31.465332,1094.55466796875,1094.55466796875,267
5.344,80.57226,-75.22825799560547,75.22825799560547,268
6.316,20.29779,-13.981790527343751,13.981790527343751,269
143.952,13.502052,130.4499476928711,130.4499476928711,270
801.6,579.03033,222.56966552734377,222.56966552734377,271
199.96,173.28627,26.673729858398445,26.673729858398445,272
7.98,25.532402,-17.55240203857422,17.55240203857422,273
17.34,35.607384,-18.267383728027344,18.267383728027344,274
646.74,774.4928,-127.75279785156249,127.75279785156249,275
41.86,113.08601,-71.22601379394531,71.22601379394531,276
47.984,141.66264,-93.67864343261718,93.67864343261718,277
158.368,33.04341,125.32458874511718,125.32458874511718,278
11.96,22.546608,-10.586607971191405,10.586607971191405,279
50.12,361.16998,-311.04998291015625,311.04998291015625,280
29.46,140.56104,-111.10103515624999,111.10103515624999,281
249.95,171.89232,78.05768127441405,78.05768127441405,282
191.96,76.219284,115.74071594238282,115.74071594238282,283
18.264,37.048576,-18.78457635498047,18.78457635498047,284
23.952,46.19681,-22.24481167602539,22.24481167602539,285
11.808,52.57856,-40.77055987548828,40.77055987548828,286
496.86,113.7991,383.0608972167969,383.0608972167969,287
359.98,257.93933,102.04066894531252,102.04066894531252,288
50.94,173.8995,-122.95950561523438,122.95950561523438,289
619.95,330.8279,289.1220886230469,289.1220886230469,290
318.08,254.04616,64.03384216308592,64.03384216308592,291
279.96,269.50552,10.454476318359355,10.454476318359355,292
31.44,36.896175,-5.456175384521483,5.456175384521483,293
362.92,49.700832,313.21916763305666,313.21916763305666,294
167.968,473.0868,-305.11879199218754,305.11879199218754,295
10.608,64.66627,-54.05826739501953,54.05826739501953,296
480.96,266.02148,214.93851562499998,214.93851562499998,297
4.768,21.860785,-17.092784530639648,17.092784530639648,298
2.78,24.622898,-21.84289810180664,21.84289810180664,299
10.56,11.470981,-0.9109806442260737,0.9109806442260737,300
3.304,5.322632,-2.0186318359375,2.0186318359375,301
10.272,15.822544,-5.55054409790039,5.55054409790039,302
20.16,102.53093,-82.37092956542969,82.37092956542969,303
17.616,-2.3013651,19.91736513710022,19.91736513710022,304
974.988,374.40436,600.5836420898438,600.5836420898438,305
16.0,178.29689,-162.29689025878906,162.29689025878906,306
705.544,708.9083,-3.3643251953125173,3.3643251953125173,307
8.72,54.978645,-46.25864532470703,46.25864532470703,308
95.92,100.67375,-4.753751831054686,4.753751831054686,309
18.84,66.44159,-47.60158935546875,47.60158935546875,310
87.92,63.109535,24.810464782714845,24.810464782714845,311
5.76,35.224796,-29.464796295166018,29.464796295166018,312
11.68,41.90168,-30.22167999267578,30.22167999267578,313
40.88,128.77615,-87.89615356445313,87.89615356445313,314
12.032,127.33358,-115.30158001708985,115.30158001708985,315
345.0,156.0884,188.91160583496094,188.91160583496094,316
109.92,65.02313,44.89686767578125,44.89686767578125,317
7.712,120.577576,-112.86557568359375,112.86557568359375,318
4.896,14.301761,-9.405760673522948,9.405760673522948,319
25.98,10.688669,15.291330795288086,15.291330795288086,320
52.272,96.26793,-43.99592907714844,43.99592907714844,321
12.84,10.895922,1.9440782928466795,1.9440782928466795,322
33.04,201.04942,-168.00942321777345,168.00942321777345,323
141.96,97.01109,44.94890686035157,44.94890686035157,324
333.999,589.83575,-255.83675439453123,255.83675439453123,325
122.382,464.0937,-341.71168896484374,341.71168896484374,326
45.528,12.700876,32.827123764038085,32.827123764038085,327
123.088,90.82485,32.2631480102539,32.2631480102539,328
5.48,7.4667244,-1.9867243957519527,1.9867243957519527,329
58.08,168.5997,-110.51970092773438,110.51970092773438,330
572.58,65.859375,506.72062500000004,506.72062500000004,331
0.984,3.1036165,-2.11961647605896,2.11961647605896,332
20.97,195.58263,-174.61262634277344,174.61262634277344,333
36.4,205.79518,-169.39518127441406,169.39518127441406,334
44.4,52.139267,-7.739266967773439,7.739266967773439,335
16.56,43.263496,-26.703496398925783,26.703496398925783,336
348.84,406.9217,-58.081691894531275,58.081691894531275,337
192.16,88.45407,103.70592895507812,103.70592895507812,338
102.93,4.140505,98.78949516296387,98.78949516296387,339
1.584,173.99092,-172.4069210205078,172.4069210205078,340
9.328,1.6767395,7.65126054573059,7.65126054573059,341
226.2,185.9626,40.237399291992176,40.237399291992176,342
16.38,98.13726,-81.75726043701172,81.75726043701172,343
46.2,51.473114,-5.273114013671872,5.273114013671872,344
39.92,224.40936,-184.48936279296873,184.48936279296873,345
5.56,51.553894,-45.99389404296875,45.99389404296875,346
12.144,2.4258966,9.718103355407715,9.718103355407715,347
2249.91,986.62634,1263.2836572265624,1263.2836572265624,348
13.11,14.875129,-1.7651287460327154,1.7651287460327154,349
523.48,251.65794,271.8220562744141,271.8220562744141,350
7.3,15.189306,-7.889306259155274,7.889306259155274,351
156.3728,210.41386,-54.041064135742175,54.041064135742175,352
105.52,57.283287,48.23671295166015,48.23671295166015,353
108.784,191.88869,-83.10468713378906,83.10468713378906,354
71.952,407.04825,-335.0962482910156,335.0962482910156,355
154.9,221.26653,-66.36652526855468,66.36652526855468,356
2399.96,3072.4219,-672.461875,672.461875,357
187.76,380.71014,-192.95014404296876,192.95014404296876,358
41.24,33.806236,7.433763732910158,7.433763732910158,359
15.28,32.625195,-17.345194549560546,17.345194549560546,360
47.96,64.05719,-16.09718994140625,16.09718994140625,361
19.92,66.659546,-46.7395458984375,46.7395458984375,362
323.1,13.541798,309.55820236206057,309.55820236206057,363
20.56,5.0411015,15.518898544311522,15.518898544311522,364
126.3,192.72003,-66.42003173828125,66.42003173828125,365
21.12,37.357548,-16.237547760009765,16.237547760009765,366
30.44,35.478764,-5.038763580322264,5.038763580322264,367
5.16,24.364992,-19.204992141723633,19.204992141723633,368
43.68,120.153984,-76.47398406982421,76.47398406982421,369
15.24,83.43019,-68.19019104003907,68.19019104003907,370
389.056,196.94139,192.11460900878905,192.11460900878905,371
97.82,9.710205,88.109794921875,88.109794921875,372
2.97,217.48628,-214.5162823486328,214.5162823486328,373
180.98,234.01344,-53.03344299316407,53.03344299316407,374
100.0,134.52515,-34.525146484375,34.525146484375,375
575.92,356.24524,219.67476074218746,219.67476074218746,376
2.032,63.155315,-61.123315399169925,61.123315399169925,377
269.9,71.26431,198.63568725585935,198.63568725585935,378
17.94,10.741412,7.19858783721924,7.19858783721924,379
71.984,310.9737,-238.98969384765627,238.98969384765627,380
154.9,128.57199,26.32800903320313,26.32800903320313,381
26.4,51.421852,-25.021852111816408,25.021852111816408,382
27.696,219.31525,-191.61924658203125,191.61924658203125,383
117.144,65.7825,51.36149877929688,51.36149877929688,384
15.552,19.057205,-3.505205200195313,3.505205200195313,385
63.552,206.88719,-143.33519177246095,143.33519177246095,386
29.95,90.468605,-60.5186050415039,60.5186050415039,387
35.04,219.5465,-184.50649353027345,184.50649353027345,388
171.96,63.43425,108.52575012207032,108.52575012207032,389
58.248,554.1206,-495.87260546875,495.87260546875,390
34.248,9.522475,24.72552475738525,24.72552475738525,391
245.94,164.51048,81.42951721191406,81.42951721191406,392
61.04,111.502914,-50.46291442871094,50.46291442871094,393
6.0,10.940264,-4.940263748168945,4.940263748168945,394
18.176,113.625534,-95.44953405761719,95.44953405761719,395
68.81,40.168106,28.64189392089844,28.64189392089844,396
8.016,27.786324,-19.770323547363283,19.770323547363283,397
43.56,179.78638,-136.226376953125,136.226376953125,398
321.568,437.4123,-115.84429248046877,115.84429248046877,399
25.92,27.27324,-1.3532391357421858,1.3532391357421858,400
108.72,141.72545,-33.00544860839844,33.00544860839844,401
91.96,199.23778,-107.27777770996094,107.27777770996094,402
34.08,121.29027,-87.21026794433594,87.21026794433594,403
67.8,156.12135,-88.32135314941407,88.32135314941407,404
302.94,73.09643,229.84357208251953,229.84357208251953,405
4.896,25.873661,-20.977661041259765,20.977661041259765,406
241.568,168.59589,72.97211376953126,72.97211376953126,407
1218.735,579.1178,639.6172021484374,639.6172021484374,408
197.05,274.75577,-77.70576782226561,77.70576782226561,409
349.95,312.0014,37.94859619140624,37.94859619140624,410
45.248,8.708143,36.53985676574707,36.53985676574707,411
51.8,26.50229,25.29770927429199,25.29770927429199,412
2519.958,678.0416,1841.9163740234376,1841.9163740234376,413
47.984,240.62987,-192.64586755371093,192.64586755371093,414
5.432,7.05532,-1.623319786071777,1.623319786071777,415
140.736,43.918343,96.81765740966796,96.81765740966796,416
34.236,24.098507,10.137493072509763,10.137493072509763,417
140.736,767.16486,-626.4288559570313,626.4288559570313,418
31.44,37.980164,-6.540163574218749,6.540163574218749,419
134.85,162.94246,-28.092459106445318,28.092459106445318,420
31.128,5.5403576,25.58764241027832,25.58764241027832,421
95.2,348.60907,-253.40906982421876,253.40906982421876,422
25.472,119.96676,-94.49475872802734,94.49475872802734,423
29.6,14.151761,15.448238945007326,15.448238945007326,424
179.9,103.034836,76.86516418457032,76.86516418457032,425
25.584,13.89997,11.684029945373535,11.684029945373535,426
21.93,7.1839943,14.746005706787109,14.746005706787109,427
10.78,-11.701948,22.481948165893556,22.481948165893556,428
7.36,15.122265,-7.7622648620605466,7.7622648620605466,429
51.84,55.712112,-3.872112426757809,3.872112426757809,430
24.1,181.83253,-157.73253479003907,157.73253479003907,431
8.784,1.1592557,7.624744256973267,7.624744256973267,432
37.32,49.094646,-11.774646453857422,11.774646453857422,433
40.98,31.987236,8.992763977050778,8.992763977050778,434
286.86,144.88141,141.97859130859376,141.97859130859376,435
881.93,555.60944,326.3205639648437,326.3205639648437,436
62.31,69.046486,-6.736485900878904,6.736485900878904,437
127.104,633.204,-506.0999794921875,506.0999794921875,438
23.67,28.741182,-5.071182327270506,5.071182327270506,439
35.97,13.969626,22.00037357330322,22.00037357330322,440
161.94,9.317619,152.62238067626953,152.62238067626953,441
51.45,15.561777,35.88822288513184,35.88822288513184,442
32.4,18.075424,14.324575805664061,14.324575805664061,443
10.688,1.1592557,9.528744256973267,9.528744256973267,444
3.564,4.702982,-1.138981948852539,1.138981948852539,445
5.58,50.996704,-45.4167041015625,45.4167041015625,446
799.92,787.8069,12.113115234374959,12.113115234374959,447
4.92,21.984766,-17.064766006469725,17.064766006469725,448
10.98,22.834385,-11.85438491821289,11.85438491821289,449
11.76,24.762852,-13.00285171508789,13.00285171508789,450
35.0,195.19328,-160.1932830810547,160.1932830810547,451
1.788,2.902578,-1.1145781154632568,1.1145781154632568,452
21.93,41.754578,-19.82457763671875,19.82457763671875,453
35.36,140.97902,-105.61901916503906,105.61901916503906,454
219.075,181.57779,37.497210693359364,37.497210693359364,455
9.708,60.503754,-50.79575366210938,50.79575366210938,456
130.71,16.049622,114.66037841796876,114.66037841796876,457
2575.944,1061.4883,1514.45571875,1514.45571875,458
98.112,41.617584,56.49441577148437,56.49441577148437,459
14.368,189.93246,-175.56446459960938,175.56446459960938,460
3.882,-0.80654263,4.688542634963989,4.688542634963989,461
39.128,45.76943,-6.641428253173828,6.641428253173828,462
2735.952,1226.669,1509.2830546875002,1509.2830546875002,463
5.584,20.999002,-15.41500245666504,15.41500245666504,464
1.524,-2.920994,4.44499404335022,4.44499404335022,465
892.224,682.97687,209.2471323242188,209.2471323242188,466
2054.272,1939.0083,115.26369921874993,115.26369921874993,467
7.56,14.678816,-7.118815841674805,7.118815841674805,468
14.07,102.26372,-88.1937176513672,88.1937176513672,469
254.352,80.94554,173.40645861816407,173.40645861816407,470
31.86,123.47759,-91.61759246826172,91.61759246826172,471
51.016,72.67551,-21.659506591796877,21.659506591796877,472
275.058,490.17017,-215.112166015625,215.112166015625,473
723.92,493.21118,230.70881835937496,230.70881835937496,474
38.34,39.758495,-1.4184953308105435,1.4184953308105435,475
131.94,19.624949,112.31505149841308,112.31505149841308,476
12.832,1.1592557,11.672744256973267,11.672744256973267,477
957.5775,580.41925,377.15824951171874,377.15824951171874,478
31.168,277.1368,-245.96881030273437,245.96881030273437,479
542.94,297.85635,245.08364624023443,245.08364624023443,480
895.92,422.7865,473.13350097656246,473.13350097656246,481
8.856,22.855885,-13.999884552001953,13.999884552001953,482
32.48,15.61705,16.86294982910156,16.86294982910156,483
35.4,72.27788,-36.87787780761719,36.87787780761719,484
18.496,102.99553,-84.49952917480469,84.49952917480469,485
148.02,149.43318,-1.4131817626953023,1.4131817626953023,486
7.89,31.324032,-23.434031829833984,23.434031829833984,487
242.352,176.86967,65.48232531738282,65.48232531738282,488
15.552,21.276783,-5.7247829895019535,5.7247829895019535,489
15.936,59.239967,-43.303967346191406,43.303967346191406,490
152.91,177.50972,-24.599719848632816,24.599719848632816,491
15.8,29.103096,-13.30309600830078,13.30309600830078,492
203.976,191.58556,12.390443969726562,12.390443969726562,493
37.408,91.92372,-54.51572131347656,54.51572131347656,494
503.96,394.6352,109.32480712890623,109.32480712890623,495
116.4,212.83632,-96.43631896972656,96.43631896972656,496
20.736,66.52284,-45.78684240722656,45.78684240722656,497
12.294,30.529009,-18.235008865356445,18.235008865356445,498
226.56,116.60007,109.95993286132813,109.95993286132813,499
268.935,232.2489,36.6860986328125,36.6860986328125,500
30.48,25.656849,4.823151092529297,4.823151092529297,501
99.87,11.684362,88.18563758850098,88.18563758850098,502
147.184,33.458527,113.72547338867187,113.72547338867187,503
11.52,54.812775,-43.29277465820313,43.29277465820313,504
83.36,20.88096,62.47903953552246,62.47903953552246,505
1799.994,2415.0066,-615.0125917968751,615.0125917968751,506
22.848,134.84264,-111.99463610839844,111.99463610839844,507
182.72,424.73724,-242.01724365234375,242.01724365234375,508
15.232,17.022364,-1.7903636627197272,1.7903636627197272,509
71.976,215.83008,-143.854078125,143.854078125,510
4.36,15.06685,-10.70684970855713,10.70684970855713,511
8.856,5.910527,2.945472770690918,2.945472770690918,512
214.7,327.3423,-112.64228515625001,112.64228515625001,513
221.024,57.571983,163.45201666259766,163.45201666259766,514
17.12,48.750675,-31.630675201416015,31.630675201416015,515
254.24,197.5071,56.73290466308595,56.73290466308595,516
119.04,169.82079,-50.78078552246093,50.78078552246093,517
85.056,7.376239,77.67976117706299,77.67976117706299,518
40.776,20.730078,20.04592225646973,20.04592225646973,519
105.52,35.204697,70.31530334472656,70.31530334472656,520
122.352,409.71835,-287.3663532714844,287.3663532714844,521
50.0,102.42674,-52.42674255371094,52.42674255371094,522
19.05,197.26942,-178.21942443847655,178.21942443847655,523
220.776,72.424034,148.35196588134767,148.35196588134767,524
37.764,17.467083,20.29691702270508,20.29691702270508,525
31.104,78.61696,-47.51295861816406,47.51295861816406,526
27.936,108.59335,-80.65735327148437,80.65735327148437,527
11.232,13.298611,-2.06661068725586,2.06661068725586,528
11.84,2.2899244,9.550075616836548,9.550075616836548,529
8.67,10.758814,-2.0888138580322266,2.0888138580322266,530
8.62,14.09431,-5.474309806823731,5.474309806823731,531
9.24,132.39803,-123.15802551269532,123.15802551269532,532
38.6,362.56656,-323.9665588378906,323.9665588378906,533
45.36,72.91519,-27.555191650390626,27.555191650390626,534
383.64,369.50916,14.130844726562486,14.130844726562486,535
54.528,241.3492,-186.82119738769532,186.82119738769532,536
43.176,244.58296,-201.40696203613282,201.40696203613282,537
319.984,190.77888,129.20511511230467,129.20511511230467,538
63.68,180.54434,-116.86434204101562,116.86434204101562,539
3.52,-0.17465365,3.694653649330139,3.694653649330139,540
19.98,5.6307344,14.34926555633545,14.34926555633545,541
440.91,444.41132,-3.501315917968725,3.501315917968725,542
727.296,282.47946,444.8165383300782,444.8165383300782,543
10.56,1.3326931,9.227306900024415,9.227306900024415,544
21.248,225.71452,-204.4665233154297,204.4665233154297,545
7.31,1.5457983,5.764201698303222,5.764201698303222,546
29.8,30.904266,-1.1042663574218743,1.1042663574218743,547
21.12,62.135124,-41.015124206542964,41.015124206542964,548
88.04,36.568855,51.471144714355475,51.471144714355475,549
431.136,598.50543,-167.36943212890623,167.36943212890623,550
129.3,15.767033,113.532967376709,113.532967376709,551
3.76,18.740528,-14.980528106689453,14.980528106689453,552
17.34,155.33261,-137.99261108398437,137.99261108398437,553
6.48,11.774218,-5.29421760559082,5.29421760559082,554
1679.96,751.81104,928.14896484375,928.14896484375,555
7.27,24.292358,-17.0223583984375,17.0223583984375,556
12.96,22.55269,-9.592690505981444,9.592690505981444,557
25.92,75.302025,-49.38202484130859,49.38202484130859,558
106.32,20.303131,86.01686889648437,86.01686889648437,559
194.32,36.987617,157.3323825073242,157.3323825073242,560
1297.368,47.10862,1250.2593803100585,1250.2593803100585,561
12.224,3.1892095,9.034790538787842,9.034790538787842,562
65.79,119.962326,-54.17232604980468,54.17232604980468,563
219.84,463.1654,-243.3254052734375,243.3254052734375,564
63.936,481.82947,-417.8934677734375,417.8934677734375,565
839.43,586.0394,253.39057128906245,253.39057128906245,566
20.736,97.07539,-76.33939367675781,76.33939367675781,567
39.296,25.09725,14.198750015258788,14.198750015258788,568
2.304,8.666741,-6.362741371154785,6.362741371154785,569
10.688,14.476758,-3.7887580032348627,3.7887580032348627,570
528.43,547.09454,-18.6645434570313,18.6645434570313,571
468.9,536.9494,-68.04940185546877,68.04940185546877,572
11.264,96.504005,-85.24000543212891,85.24000543212891,573
1.44,4.248999,-2.8089991188049317,2.8089991188049317,574
53.2,191.18758,-137.98757629394532,137.98757629394532,575
9.48,18.60398,-9.123979110717773,9.123979110717773,576
5.5,101.08072,-95.58071899414062,95.58071899414062,577
17.856,40.86948,-23.01348013305664,23.01348013305664,578
22638.48,2009.5481,20628.931904296875,20628.931904296875,579
797.944,472.35663,325.5873715820312,325.5873715820312,580
79.4,50.603386,28.796614074707037,28.796614074707037,581
12.96,16.30896,-3.348959960937499,3.348959960937499,582
171.04,68.45566,102.58434204101562,102.58434204101562,583
147.568,183.35774,-35.7897423095703,35.7897423095703,584
150.384,224.28096,-73.89696008300783,73.89696008300783,585
7.104,1.1592557,5.944744256973267,5.944744256973267,586
5.193,19.287235,-14.094235260009766,14.094235260009766,587
74.352,1.2242608,73.12773919296265,73.12773919296265,588
70.368,3.1729007,67.1950993232727,67.1950993232727,589
9.088,19.095676,-10.007676422119141,10.007676422119141,590
2793.528,2633.1296,160.3983613281248,160.3983613281248,591
26.72,23.068245,3.6517550659179676,3.6517550659179676,592
58.48,172.20702,-113.72701599121095,113.72701599121095,593
261.96,91.931725,170.02827545166014,170.02827545166014,594
203.92,66.847404,137.07259552001952,137.07259552001952,595
58.112,175.83359,-117.72158764648438,117.72158764648438,596
6.79,68.808846,-62.01884552001953,62.01884552001953,597
1432.0,632.97253,799.0274658203125,799.0274658203125,598
122.352,262.33353,-139.98152661132812,139.98152661132812,599
129.93,83.91644,46.01355712890626,46.01355712890626,600
85.246,219.0187,-133.77270727539064,133.77270727539064,601
747.558,363.9728,383.58519116210937,383.58519116210937,602
22.608,90.95671,-68.34871081542968,68.34871081542968,603
479.976,661.4843,-181.50831396484375,181.50831396484375,604
81.96,15.690233,66.26976676940917,66.26976676940917,605
517.405,472.98233,44.42266967773435,44.42266967773435,606
307.776,232.8213,74.95469567871095,74.95469567871095,607
18.288,56.431923,-38.14392291259766,38.14392291259766,608
78.304,16.092033,62.21196661376953,62.21196661376953,609
75.0,146.48064,-71.48063659667969,71.48063659667969,610
173.94,327.85098,-153.91098266601563,153.91098266601563,611
415.968,402.4527,13.515302246093768,13.515302246093768,612
7.92,374.01266,-366.09266479492186,366.09266479492186,613
0.836,18.248922,-17.412922348022462,17.412922348022462,614
99.54,110.96811,-11.428109130859369,11.428109130859369,615
1.192,-15.108318,16.300318328857422,16.300318328857422,616
47.3,14.966925,32.3330753326416,32.3330753326416,617
3.488,11.50433,-8.016329681396485,8.016329681396485,618
11.52,50.586555,-39.066555480957035,39.066555480957035,619
33.282,12.936925,20.34507506561279,20.34507506561279,620
9.344,1.9072604,7.436739582061767,7.436739582061767,621
20.7,17.616995,3.0830051422119134,3.0830051422119134,622
74.352,19.449127,54.90287280273438,54.90287280273438,623
47.976,180.33617,-132.36016638183594,132.36016638183594,624
6.56,15.053668,-8.493668022155763,8.493668022155763,625
735.98,615.61926,120.36073730468752,120.36073730468752,626
18.92,161.00908,-142.08907897949217,142.08907897949217,627
159.98,115.70824,44.27176330566405,44.27176330566405,628
532.72,174.3104,358.40960571289065,358.40960571289065,629
40.74,32.58692,8.15307830810547,8.15307830810547,630
81.96,21.058653,60.90134712219238,60.90134712219238,631
7.64,3.8995187,3.740481271743774,3.740481271743774,632
254.352,161.70985,92.64214587402344,92.64214587402344,633
87.168,312.93536,-225.76736376953124,225.76736376953124,634
801.568,133.75949,667.8085090332031,667.8085090332031,635
361.376,143.2604,218.11559350585935,218.11559350585935,636
79.9,132.00267,-52.10267028808593,52.10267028808593,637
30.144,13.470908,16.67309183502197,16.67309183502197,638
59.94,10.943798,48.99620193481445,48.99620193481445,639
14.78,106.162155,-91.38215515136719,91.38215515136719,640
174.95,66.356964,108.59303588867186,108.59303588867186,641
43.28,7.1506414,36.129358558654786,36.129358558654786,642
124.41,109.43079,14.979206237792965,14.979206237792965,643
540.048,99.0211,441.02689709472656,441.02689709472656,644
144.784,107.31285,37.471149047851554,37.471149047851554,645
89.97,138.49522,-48.52522399902344,48.52522399902344,646
99.136,25.042004,74.0939963684082,74.0939963684082,647
11.52,48.49711,-36.97710845947266,36.97710845947266,648
12.192,7.1149244,5.077075569152832,5.077075569152832,649
5.46,10.215162,-4.75516227722168,4.75516227722168,650
139.92,168.28557,-28.3655682373047,28.3655682373047,651
38.88,77.28361,-38.403607482910154,38.403607482910154,652
756.8,532.40393,224.39606933593745,224.39606933593745,653
91.36,38.265236,53.09476409912109,53.09476409912109,654
10.43,9.353188,1.0768124389648435,1.0768124389648435,655
52.96,33.405136,19.554863891601563,19.554863891601563,656
238.896,275.58664,-36.69063940429689,36.69063940429689,657
29.9,48.328793,-18.428792572021486,18.428792572021486,658
21.88,187.70528,-165.82527648925782,165.82527648925782,659
625.99,258.6032,367.38678955078126,367.38678955078126,660
23.16,-2.581671,25.741670999526978,25.741670999526978,661
30.672,18.684155,11.987845489501954,11.987845489501954,662
279.86,505.7589,-225.8989111328125,225.8989111328125,663
7.56,93.311714,-85.75171417236328,85.75171417236328,664
10.08,60.37406,-50.29406158447266,50.29406158447266,665
8.36,83.692825,-75.33282531738281,75.33282531738281,666
2624.985,1423.3612,1201.6237939453126,1201.6237939453126,667
47.36,13.452594,33.90740619659424,33.90740619659424,668
7.872,13.046201,-5.174200752258301,5.174200752258301,669
74.416,47.026466,27.38953363037109,27.38953363037109,670
16.14,23.946793,-7.806792602539062,7.806792602539062,671
599.9,507.1991,92.70090332031248,92.70090332031248,672
1499.95,1003.42224,496.52775878906255,496.52775878906255,673
63.312,5.1842527,58.12774726104736,58.12774726104736,674
19.44,28.996267,-9.556267318725585,9.556267318725585,675
33.75,162.81444,-129.06443786621094,129.06443786621094,676
397.6,334.34055,63.25945434570315,63.25945434570315,677
18.504,12.650635,5.853365234375001,5.853365234375001,678
43.92,41.765488,2.154512329101564,2.154512329101564,679
14.94,47.11085,-32.1708512878418,32.1708512878418,680
73.98,91.66874,-17.688739318847652,17.688739318847652,681
8.288,9.889528,-1.6015282745361326,1.6015282745361326,682
17.024,157.62239,-140.5983907470703,140.5983907470703,683
81.088,58.50098,22.58701962280273,22.58701962280273,684
73.536,20.069366,53.466633544921876,53.466633544921876,685
30.53,11.040629,19.489370613098146,19.489370613098146,686
165.6,110.74626,54.85373840332031,54.85373840332031,687
122.97,20.24327,102.72672912597656,102.72672912597656,688
22.83,22.630623,0.19937713623046704,0.19937713623046704,689
177.536,64.45934,113.07665704345703,113.07665704345703,690
38.976,15.772169,23.20383088684082,23.20383088684082,691
6.912,8.452682,-1.5406815414428712,1.5406815414428712,692
11.84,440.13513,-428.2951318359375,428.2951318359375,693
1403.92,666.48334,737.4366625976563,737.4366625976563,694
9.32,174.57591,-165.25591247558594,165.25591247558594,695
220.704,262.7356,-42.03159570312499,42.03159570312499,696
16.52,50.164307,-33.644306640625004,33.644306640625004,697
438.336,228.36856,209.9674392089844,209.9674392089844,698
29.7,205.15031,-175.4503143310547,175.4503143310547,699
4.095,26.003197,-21.908196716308595,21.908196716308595,700
6.6,18.386843,-11.786842727661133,11.786842727661133,701
1088.76,673.30646,415.45354248046874,415.45354248046874,702
3499.93,1982.0582,1517.8717724609373,1517.8717724609373,703
273.06,241.25484,31.80516296386719,31.80516296386719,704
35.52,18.227676,17.29232360839844,17.29232360839844,705
18.936,2.7950838,16.14091623878479,16.14091623878479,706
309.456,107.48929,201.9667116699219,201.9667116699219,707
64.96,158.54543,-93.58542541503907,93.58542541503907,708
12.96,10.482647,2.477353057861329,2.477353057861329,709
190.92,145.87285,45.0471514892578,45.0471514892578,710
51.45,61.862522,-10.412522125244138,10.412522125244138,711
140.97,114.6295,26.34049865722656,26.34049865722656,712
8.832,23.336208,-14.504208343505859,14.504208343505859,713
6.368,10.872091,-4.504091293334961,4.504091293334961,714
10.428,7.051262,3.376738098144532,3.376738098144532,715
179.94,132.88509,47.054913940429685,47.054913940429685,716
59.96,373.31522,-313.35521606445315,313.35521606445315,717
71.98,118.122215,-46.14221527099609,46.14221527099609,718
37.68,5.5621204,32.11787956237793,32.11787956237793,719
7.3,5.113328,2.186672019958496,2.186672019958496,720
61.96,7.074663,54.885336837768556,54.885336837768556,721
9.656,165.25742,-155.60141577148437,155.60141577148437,722
53.568,20.8939,32.67410008239746,32.67410008239746,723
168.624,233.53572,-64.91172082519532,64.91172082519532,724
14.48,21.209208,-6.729207534790039,6.729207534790039,725
33.02,13.806918,19.21308185577393,19.21308185577393,726
59.7,39.42034,20.279658508300784,20.279658508300784,727
643.136,337.9505,305.1854995117187,305.1854995117187,728
48.848,4.229168,44.61883206176758,44.61883206176758,729
60.72,140.14534,-79.42533996582031,79.42533996582031,730
41.424,263.70056,-222.2765615234375,222.2765615234375,731
256.784,355.22025,-98.43624536132813,98.43624536132813,732
5.04,20.065022,-15.025021514892579,15.025021514892579,733
41.4,35.225517,6.17448272705078,6.17448272705078,734
271.9,194.93135,76.96864929199216,76.96864929199216,735
38.88,149.65416,-110.77415954589844,110.77415954589844,736
18.16,37.22375,-19.063751068115234,19.063751068115234,737
122.328,4.2180767,118.10992329406739,118.10992329406739,738
45.0,98.670555,-53.670555114746094,53.670555114746094,739
117.96,21.024052,96.93594833374023,96.93594833374023,740
12.96,15.051683,-2.0916834259033195,2.0916834259033195,741
13.208,6.111101,7.096898849487305,7.096898849487305,742
211.04,143.01517,68.02483276367187,68.02483276367187,743
211.168,204.52858,6.639420288085944,6.639420288085944,744
75.04,63.420288,11.619711914062506,11.619711914062506,745
172.764,44.19164,128.5723610534668,128.5723610534668,746
6.23,-9.016735,15.246735076904297,15.246735076904297,747
348.56,226.09636,122.46364074707031,122.46364074707031,748
772.68,120.20821,652.4717861938476,652.4717861938476,749
15.14,19.039389,-3.8993886566162104,3.8993886566162104,750
317.058,391.45642,-74.39842089843751,74.39842089843751,751
51.968,51.102127,0.865872924804691,0.865872924804691,752
18.24,84.65969,-66.4196908569336,66.4196908569336,753
5.888,13.539755,-7.651754867553711,7.651754867553711,754
23.128,88.982864,-65.85486437988281,65.85486437988281,755
40.08,142.76503,-102.68502990722656,102.68502990722656,756
319.968,489.9326,-169.96458666992186,169.96458666992186,757
1793.98,2312.6577,-518.67771484375,518.67771484375,758
1704.89,1624.342,80.5479589843751,80.5479589843751,759
63.84,63.941975,-0.10197463989257471,0.10197463989257471,760
968.744,591.4111,377.3329282226563,377.3329282226563,761
141.96,98.239624,43.72037597656251,43.72037597656251,762
51.52,96.199326,-44.679325561523434,44.679325561523434,763
10.68,178.20454,-167.5245440673828,167.5245440673828,764
40.41,74.8851,-34.47510131835938,34.47510131835938,765
32.4,24.156836,8.243164443969725,8.243164443969725,766
32.4,704.7121,-672.3120971679688,672.3120971679688,767
64.704,413.48944,-348.78544091796874,348.78544091796874,768
7.78,23.081898,-15.301897735595702,15.301897735595702,769
359.772,255.71745,104.0545469970703,104.0545469970703,770
46.53,28.10606,18.42393997192383,18.42393997192383,771
45.36,241.96364,-196.60363830566405,196.60363830566405,772
126.56,372.5645,-246.00451416015625,246.00451416015625,773
21.4,113.2749,-91.87490234375,91.87490234375,774
603.92,633.8039,-29.88389404296879,29.88389404296879,775
14.72,51.292408,-36.572407989501954,36.572407989501954,776
2.96,46.436462,-43.47646240234375,43.47646240234375,777
76.58,162.455,-85.87500183105469,85.87500183105469,778
173.656,511.98517,-338.32916845703124,338.32916845703124,779
590.352,385.60815,204.74384570312498,204.74384570312498,780
24.3,191.99986,-167.69986267089843,167.69986267089843,781
298.116,595.0785,-296.9624912109375,296.9624912109375,782
17.088,28.782276,-11.694276153564452,11.694276153564452,783
9.98,5.441433,4.538567047119141,4.538567047119141,784
34.74,15.001666,19.73833393096924,19.73833393096924,785
19.14,85.19845,-66.05844818115234,66.05844818115234,786
539.92,477.9603,61.959703369140584,61.959703369140584,787
6.33,-2.847706,9.177706079483032,9.177706079483032,788
16.23,77.1194,-60.88940002441406,60.88940002441406,789
25.488,165.38638,-139.89838305664063,139.89838305664063,790
70.98,90.38148,-19.401477355957027,19.401477355957027,791
17.904,5.4256496,12.478350357055664,12.478350357055664,792
286.93,166.81416,120.1158367919922,120.1158367919922,793
10.36,18.160675,-7.800675048828126,7.800675048828126,794
305.01,123.25369,181.75630737304687,181.75630737304687,795
959.984,1175.8993,-215.91529199218746,215.91529199218746,796
25.696,5.218933,20.47706689453125,20.47706689453125,797
19.56,163.60599,-144.04598754882812,144.04598754882812,798
14.76,117.11019,-102.35019134521484,102.35019134521484,799
296.712,83.38288,213.3291188354492,213.3291188354492,800
9.96,20.89336,-10.933360137939452,10.933360137939452,801
307.314,249.98792,57.32608496093752,57.32608496093752,802
38.864,18.96882,19.895179428100583,19.895179428100583,803
23.904,61.354584,-37.45058374023438,37.45058374023438,804
258.528,308.98148,-50.453475830078105,50.453475830078105,805
71.372,147.95573,-76.58373425292969,76.58373425292969,806
14.016,22.633972,-8.61797216796875,8.61797216796875,807
11.952,11.867016,0.08498416137695308,0.08498416137695308,808
1458.65,1507.5143,-48.86428222656241,48.86428222656241,809
55.264,2.926797,52.33720308685303,52.33720308685303,810
32.13,76.92839,-44.798390502929685,44.798390502929685,811
50.96,181.7497,-130.78969482421874,130.78969482421874,812
2.672,9.679128,-7.007127693176269,7.007127693176269,813
5.98,12.634018,-6.654017944335937,6.654017944335937,814
199.98,188.2158,11.764194946289052,11.764194946289052,815
1.8,-5.494541,7.2945411682128904,7.2945411682128904,816
15.42,10.66656,4.753439826965332,4.753439826965332,817
358.2,642.82745,-284.62745361328126,284.62745361328126,818
266.352,250.21501,16.136988403320288,16.136988403320288,819
17.96,96.15816,-78.1981573486328,78.1981573486328,820
360.38,41.116024,319.263975982666,319.263975982666,821
5.248,38.798847,-33.55084719848633,33.55084719848633,822
1117.92,45.695576,1072.2244242858887,1072.2244242858887,823
302.376,156.74469,145.63131005859373,145.63131005859373,824
1325.76,1536.1204,-210.360361328125,210.360361328125,825
79.99,122.175316,-42.1853158569336,42.1853158569336,826
34.86,5.8455963,29.014403686523437,29.014403686523437,827
1322.93,904.927,418.00299804687506,418.00299804687506,828
2357.488,2414.8967,-57.40872851562517,57.40872851562517,829
1439.982,449.37183,990.610173828125,990.610173828125,830
23.2,157.01186,-133.81185607910157,133.81185607910157,831
5.84,7.5504627,-1.7104627227783205,1.7104627227783205,832
892.224,500.40503,391.81897070312505,391.81897070312505,833
11.36,6.861471,4.4985288238525385,4.4985288238525385,834
121.6,125.49391,-3.893911743164068,3.893911743164068,835
109.92,31.04099,78.87900917053223,78.87900917053223,836
9.84,58.59269,-48.75268951416015,48.75268951416015,837
59.48,10.7263,48.75369976043701,48.75369976043701,838
9.96,17.122116,-7.162116088867187,7.162116088867187,839
981.372,262.58926,718.7827360839843,718.7827360839843,840
45.84,116.09905,-70.25905242919922,70.25905242919922,841
68.52,9.826761,58.69323875427246,58.69323875427246,842
19.312,91.54086,-72.22886303710938,72.22886303710938,843
562.2925,489.7264,72.56609008789064,72.56609008789064,844
499.584,21.76197,477.8220294799805,477.8220294799805,845
5.94,25.161491,-19.221491394042967,19.221491394042967,846
6.03,20.061493,-14.031492919921874,14.031492919921874,847
105.584,94.344986,11.23901403808594,11.23901403808594,848
10.95,90.12299,-79.17299346923828,79.17299346923828,849
13.11,17.144999,-4.03499855041504,4.03499855041504,850
763.28,568.1058,195.17422607421872,195.17422607421872,851
24.0,96.292496,-72.29249572753906,72.29249572753906,852
863.128,671.2946,191.8333833007813,191.8333833007813,853
10.4,65.62467,-55.22467193603516,55.22467193603516,854
241.332,507.10535,-265.7733466796875,265.7733466796875,855
43.8,210.97017,-167.1701690673828,167.1701690673828,856
19.44,31.938236,-12.498236236572264,12.498236236572264,857
82.896,2.7073665,80.18863353347778,80.18863353347778,858
199.95,253.11919,-53.1691864013672,53.1691864013672,859
3.048,11.695757,-8.647756912231445,8.647756912231445,860
3357.6,797.75104,2559.8489624023437,2559.8489624023437,861
69.008,106.51331,-37.505313293457036,37.505313293457036,862
38.97,121.877975,-82.90797546386719,82.90797546386719,863
403.56,382.62323,20.936770019531252,20.936770019531252,864
177.48,185.90042,-8.420421142578135,8.420421142578135,865
718.64,276.58466,442.05534423828124,442.05534423828124,866
4.77,16.602716,-11.832716445922852,11.832716445922852,867
254.058,90.94075,163.11724987792968,163.11724987792968,868
699.93,659.33685,40.5931469726562,40.5931469726562,869
14.89,19.674612,-4.784612045288085,4.784612045288085,870
85.52,45.78157,39.73842956542968,39.73842956542968,871
563.024,339.31085,223.71314794921875,223.71314794921875,872
18.496,10.496841,7.999158569335936,7.999158569335936,873
23.84,391.11432,-367.2743188476563,367.2743188476563,874
5.67,43.09565,-37.42564971923828,37.42564971923828,875
428.68,306.03104,122.64896362304688,122.64896362304688,876
14.19,93.66713,-79.47712951660156,79.47712951660156,877
47.616,38.09095,9.525049987792968,9.525049987792968,878
3.96,37.13461,-33.17460922241211,33.17460922241211,879
255.984,229.64253,26.341467651367196,26.341467651367196,880
8.78,112.8509,-104.07089874267578,104.07089874267578,881
274.2,458.80634,-184.60633544921876,184.60633544921876,882
765.625,742.6812,22.94378662109375,22.94378662109375,883
177.98,349.52136,-171.5413623046875,171.5413623046875,884
7.56,69.30214,-61.74213928222656,61.74213928222656,885
17.14,174.186,-157.0460046386719,157.0460046386719,886
13.48,121.5936,-108.11359741210937,108.11359741210937,887
11.76,23.465986,-11.705986251831055,11.705986251831055,888
2799.96,2671.1992,128.76078125000004,128.76078125000004,889
15.552,7.0164566,8.535543395996093,8.535543395996093,890
383.96,337.8312,46.128792724609355,46.128792724609355,891
348.488,367.41467,-18.9266728515625,18.9266728515625,892
88.96,116.76634,-27.806342163085944,27.806342163085944,893
166.72,35.678402,131.04159805297851,131.04159805297851,894
80.58,61.954643,18.62535675048828,18.62535675048828,895
107.94,2.447607,105.49239295959472,105.49239295959472,896
39.96,26.76614,13.193860015869141,13.193860015869141,897
18.528,4.0582943,14.46970570373535,14.46970570373535,898
75.18,160.2859,-85.10590393066406,85.10590393066406,899
61.4,95.296265,-33.8962646484375,33.8962646484375,900
31.08,86.628265,-55.54826538085938,55.54826538085938,901
39.96,153.54964,-113.5896368408203,113.5896368408203,902
39.98,75.4506,-35.47059967041016,35.47059967041016,903
71.976,237.71371,-165.73771459960938,165.73771459960938,904
11.36,25.058403,-13.69840301513672,13.69840301513672,905
22.911,10.781067,12.129933105468751,12.129933105468751,906
283.14,6.142481,276.99751914978026,276.99751914978026,907
47.98,56.89411,-8.914111633300784,8.914111633300784,908
31.776,40.858788,-9.082787536621094,9.082787536621094,909
10.496,15.243739,-4.7477391281127925,4.7477391281127925,910
81.98,9.536258,72.44374225616455,72.44374225616455,911
12.96,53.35814,-40.39813903808594,40.39813903808594,912
25.92,98.84522,-72.92522247314453,72.92522247314453,913
13.896,9.930162,3.9658375701904305,3.9658375701904305,914
108.96,142.85384,-33.89383605957032,33.89383605957032,915
6.24,12.611338,-6.371337661743164,6.371337661743164,916
10.528,44.705086,-34.17708575439453,34.17708575439453,917
25.71,31.814035,-6.104035415649413,6.104035415649413,918
106.32,23.265947,83.05405265808105,83.05405265808105,919
95.232,37.565304,57.666696197509765,57.666696197509765,920
1684.752,1253.6002,431.15178027343745,431.15178027343745,921
29.04,62.307266,-33.26726623535156,33.26726623535156,922
629.1,803.1871,-174.08707275390623,174.08707275390623,923
171.288,408.36646,-237.078455078125,237.078455078125,924
9.184,3.8541594,5.329840644836425,5.329840644836425,925
3.444,8.633862,-5.189861541748047,5.189861541748047,926
20.064,123.27537,-103.21136773681641,103.21136773681641,927
27.384,68.78423,-41.40023309326172,41.40023309326172,928
3.328,11.182288,-7.85428816986084,7.85428816986084,929
59.52,30.57368,28.946319122314456,28.946319122314456,930
49.08,112.268654,-63.18865386962891,63.18865386962891,931
35.91,270.03827,-234.12826904296875,234.12826904296875,932
369.544,463.93875,-94.39475122070314,94.39475122070314,933
217.584,179.92311,37.66088903808594,37.66088903808594,934
10.368,2.6662383,7.7017616920471195,7.7017616920471195,935
142.36,209.01306,-66.65306152343749,66.65306152343749,936
383.952,360.37192,23.580082275390623,23.580082275390623,937
205.92,84.58993,121.33007232666014,121.33007232666014,938
4.448,19.928509,-15.480508758544921,15.480508758544921,939
7999.98,3589.9902,4409.989765625,4409.989765625,940
370.62,246.39494,124.22505676269532,124.22505676269532,941
23.18,117.969604,-94.7896044921875,94.7896044921875,942
51.312,7.7677145,43.54428549957275,43.54428549957275,943
60.864,234.20538,-173.34138330078125,173.34138330078125,944
195.466,116.92537,78.5406307373047,78.5406307373047,945
28.752,2.4113674,26.340632583618163,26.340632583618163,946
182.94,247.61215,-64.67215209960938,64.67215209960938,947
3991.98,4956.0195,-964.03953125,964.03953125,948
523.25,321.24258,202.00741577148438,202.00741577148438,949
127.764,143.92047,-16.156471191406254,16.156471191406254,950
13.76,22.691505,-8.931505432128906,8.931505432128906,951
183.84,379.41797,-195.57796875,195.57796875,952
104.58,28.28828,76.29171951293945,76.29171951293945,953
1013.832,904.2915,109.54049609375,109.54049609375,954
99.136,15.216119,83.91988118743896,83.91988118743896,955
28.35,78.39249,-50.042486572265624,50.042486572265624,956
8.448,17.313105,-8.865104629516601,8.865104629516601,957
963.136,851.05725,112.07874902343747,112.07874902343747,958
310.88,101.86987,209.010126953125,209.010126953125,959
69.93,263.4881,-193.55809814453124,193.55809814453124,960
158.928,588.8131,-429.8851103515625,429.8851103515625,961
48.576,162.9882,-114.4122049560547,114.4122049560547,962
147.184,15.934432,131.24956797027588,131.24956797027588,963
117.576,202.98676,-85.41075537109376,85.41075537109376,964
99.2,107.036156,-7.836155700683591,7.836155700683591,965
2.214,10.066938,-7.852938400268554,7.852938400268554,966
282.84,128.10571,154.73428710937497,154.73428710937497,967
53.04,167.12343,-114.08342834472657,114.08342834472657,968
41.4,23.349981,18.0500186920166,18.0500186920166,969
26.7,12.450212,14.24978847503662,14.24978847503662,970
95.94,29.563522,66.37647766113281,66.37647766113281,971
8.82,25.547888,-16.727887802124023,16.727887802124023,972
43.512,137.21095,-93.69895275878906,93.69895275878906,973
96.256,206.9362,-110.68020300292969,110.68020300292969,974
50.32,124.83784,-74.51783721923829,74.51783721923829,975
332.028,259.50116,72.52684033203127,72.52684033203127,976
12.96,20.335701,-7.37570098876953,7.37570098876953,977
5.607,5.7782116,-0.17121159362792948,0.17121159362792948,978
184.66,270.29364,-85.63364013671875,85.63364013671875,979
4.3,58.543808,-54.24380798339844,54.24380798339844,980
40.29,34.403996,5.8860044860839835,5.8860044860839835,981
68.46,220.04256,-151.58255676269533,151.58255676269533,982
528.43,513.52423,14.9057690429687,14.9057690429687,983
158.928,292.82416,-133.89615771484375,133.89615771484375,984
56.56,16.60098,39.95901924133301,39.95901924133301,985
389.97,283.09705,106.87295410156253,106.87295410156253,986
31.744,2.022674,29.721325916290283,29.721325916290283,987
18.84,45.527943,-26.687942657470703,26.687942657470703,988
435.168,338.09256,97.07544018554688,97.07544018554688,989
205.176,163.80962,41.3663839111328,41.3663839111328,990
9.024,60.550507,-51.526506591796874,51.526506591796874,991
33.82,12.94366,20.876340217590332,20.876340217590332,992
32.67,17.797268,14.872732086181642,14.872732086181642,993
4297.644,2514.3604,1783.2836484375002,1783.2836484375002,994
271.984,18.525917,253.45808294677732,253.45808294677732,995
1319.96,1151.2299,168.73014160156254,168.73014160156254,996
389.97,258.43597,131.53402587890628,131.53402587890628,997
118.25,118.41409,-0.164093017578125,0.164093017578125,998
259.896,342.8178,-82.92181005859373,82.92181005859373,999
21.552,61.399147,-39.84714703369141,39.84714703369141,1000
4476.8,1841.4484,2635.3516357421877,2635.3516357421877,1001
315.776,600.9317,-285.15570166015624,285.15570166015624,1002
13.71,11.773113,1.936886749267579,1.936886749267579,1003
23.36,7.8308992,15.529100761413574,15.529100761413574,1004
2549.985,3147.2656,-597.2806249999999,597.2806249999999,1005
27.93,30.98854,-3.058540649414063,3.058540649414063,1006
6.63,57.256416,-50.62641632080078,50.62641632080078,1007
96.08,16.824486,79.2555142211914,79.2555142211914,1008
25.08,200.87466,-175.79466430664064,175.79466430664064,1009
25.92,37.11587,-11.195871429443358,11.195871429443358,1010
844.116,546.4887,297.62729150390624,297.62729150390624,1011
57.23,11.701222,45.52877758026123,45.52877758026123,1012
85.14,152.68498,-67.54498229980469,67.54498229980469,1013
9.82,17.876978,-8.056977920532226,8.056977920532226,1014
178.11,161.06989,17.040114746093764,17.040114746093764,1015
195.68,32.54619,163.13381164550782,163.13381164550782,1016
658.746,388.2063,270.539701171875,270.539701171875,1017
155.372,363.8067,-208.43470166015624,208.43470166015624,1018
347.58,20.697184,326.8828163909912,326.8828163909912,1019
92.52,117.24681,-24.72681091308594,24.72681091308594,1020
398.4,644.6971,-246.29708251953127,246.29708251953127,1021
9.728,11.430278,-1.7022778244018557,1.7022778244018557,1022
5.232,14.507282,-9.275282257080079,9.275282257080079,1023
128.34,88.707954,39.63204559326172,39.63204559326172,1024
23.136,31.909927,-8.773927368164063,8.773927368164063,1025
251.006,280.2453,-29.23930029296875,29.23930029296875,1026
17.46,88.85518,-71.3951788330078,71.3951788330078,1027
74.95,214.19682,-139.2468231201172,139.2468231201172,1028
5.08,44.976913,-39.89691345214844,39.89691345214844,1029
1325.85,518.832,807.0180297851562,807.0180297851562,1030
38.29,258.88016,-220.59015747070313,220.59015747070313,1031
715.2,484.84564,230.3543579101563,230.3543579101563,1032
29.46,275.28406,-245.8240576171875,245.8240576171875,1033
19.3,67.825836,-48.52583618164063,48.52583618164063,1034
105.584,161.94308,-56.35908471679687,56.35908471679687,1035
36.56,30.938322,5.62167793273926,5.62167793273926,1036
569.568,149.0689,420.4991065673828,420.4991065673828,1037
222.384,131.75583,90.62817114257811,90.62817114257811,1038
236.528,156.35872,80.16928112792968,80.16928112792968,1039
5.588,-3.1701396,8.75813955116272,8.75813955116272,1040
25.3,128.27812,-102.97812194824219,102.97812194824219,1041
1085.42,732.6866,352.7334155273438,352.7334155273438,1042
6.0,5.214241,0.7857589721679688,0.7857589721679688,1043
20.232,11.29978,8.932220108032226,8.932220108032226,1044
31.5,98.4319,-66.93190002441406,66.93190002441406,1045
1747.25,1716.8436,30.4063720703125,30.4063720703125,1046
17.28,94.17413,-76.89413330078125,76.89413330078125,1047
39.072,43.756924,-4.684923675537107,4.684923675537107,1048
17.94,20.398874,-2.458874282836913,2.458874282836913,1049
490.32,301.3338,188.98619873046874,188.98619873046874,1050
22.74,27.518867,-4.778867492675783,4.778867492675783,1051
166.84,100.52755,66.31245025634766,66.31245025634766,1052
19.68,93.965034,-74.28503448486327,74.28503448486327,1053
29.76,41.460007,-11.700006713867186,11.700006713867186,1054
200.064,26.324947,173.73905264282226,173.73905264282226,1055
1471.96,1008.3185,463.64151855468754,463.64151855468754,1056
52.776,16.128305,36.64769456481934,36.64769456481934,1057
35.88,140.48485,-104.60484802246094,104.60484802246094,1058
359.88,203.72255,156.15745056152343,156.15745056152343,1059
33.28,12.5335655,20.746434478759767,20.746434478759767,1060
76.12,36.584286,39.53571426391602,39.53571426391602,1061
387.136,44.310802,342.8251975402832,342.8251975402832,1062
12.22,83.22183,-71.00183227539063,71.00183227539063,1063
251.944,397.4192,-145.475189453125,145.475189453125,1064
487.96,359.11688,128.84311767578123,128.84311767578123,1065
94.68,391.64825,-296.96825439453124,296.96825439453124,1066
1706.184,1442.1691,264.01493261718747,264.01493261718747,1067
664.146,289.85516,374.2908364257812,374.2908364257812,1068
4007.84,678.71783,3329.122165527344,3329.122165527344,1069
19.68,136.32423,-116.64423400878906,116.64423400878906,1070
2.896,12.688469,-9.792468933105468,9.792468933105468,1071
53.34,264.13226,-210.79226318359375,210.79226318359375,1072
21.38,-10.719831,32.0998314666748,32.0998314666748,1073
486.368,410.8775,75.49049755859374,75.49049755859374,1074
8.56,5.450495,3.109505233764649,3.109505233764649,1075
20.368,6.999111,13.36888882446289,13.36888882446289,1076
43.13,92.70485,-49.57484924316406,49.57484924316406,1077
1016.792,428.5782,588.2138139648438,588.2138139648438,1078
86.97,278.7221,-191.75210693359375,191.75210693359375,1079
915.136,860.3294,54.80659326171872,54.80659326171872,1080
35.98,119.98041,-84.00040771484376,84.00040771484376,1081
6.7,12.833958,-6.1339576721191404,6.1339576721191404,1082
88.074,-6.6645927,94.73859274291992,94.73859274291992,1083
40.7,38.460655,2.239344787597659,2.239344787597659,1084
49.5,128.19379,-78.69378662109375,78.69378662109375,1085
3.008,5.950123,-2.942122833251953,2.942122833251953,1086
67.84,88.29626,-20.456257019042965,20.456257019042965,1087
152.991,76.32181,76.66919213867189,76.66919213867189,1088
109.8,298.69543,-188.8954345703125,188.8954345703125,1089
35.88,74.44733,-38.56732666015625,38.56732666015625,1090
5.936,-6.6097126,12.545712600708008,12.545712600708008,1091
22.72,21.055128,1.6648719024658192,1.6648719024658192,1092
6.48,12.965071,-6.485070724487304,6.485070724487304,1093
10.9,82.22034,-71.3203369140625,71.3203369140625,1094
146.45,153.05983,-6.609829711914074,6.609829711914074,1095
450.0,490.00107,-40.001068115234375,40.001068115234375,1096
213.216,201.81316,11.40284387207032,11.40284387207032,1097
481.32,130.96068,350.35932189941406,350.35932189941406,1098
31.68,12.736376,18.94362419128418,18.94362419128418,1099
323.37,299.03723,24.332768554687505,24.332768554687505,1100
65.94,157.17064,-91.23063903808594,91.23063903808594,1101
32.4,73.183754,-40.78375396728516,40.78375396728516,1102
12.672,3.2341268,9.437873193740845,9.437873193740845,1103
90.8,66.68355,24.116452026367185,24.116452026367185,1104
118.25,65.25513,52.994873046875,52.994873046875,1105
25.35,38.24591,-12.895910644531249,12.895910644531249,1106
39.96,101.45058,-61.49057678222656,61.49057678222656,1107
815.292,743.9455,71.34650439453128,71.34650439453128,1108
60.416,39.34395,21.072051635742184,21.072051635742184,1109
87.36,125.56856,-38.20855773925781,38.20855773925781,1110
287.91,448.50052,-160.5905187988281,160.5905187988281,1111
63.9,61.405407,2.4945930480957017,2.4945930480957017,1112
479.95,283.0037,196.94630737304686,196.94630737304686,1113
25.92,100.6165,-74.69650085449219,74.69650085449219,1114
13.984,5.2929,8.691099914550781,8.691099914550781,1115
42.6,95.59406,-52.99406280517578,52.99406280517578,1116
69.456,13.98107,55.47493043518067,55.47493043518067,1117
57.75,97.5723,-39.822303771972656,39.822303771972656,1118
160.776,287.78247,-127.00647070312499,127.00647070312499,1119
230.28,438.87057,-208.59057495117187,208.59057495117187,1120
53.088,112.150314,-59.06231433105469,59.06231433105469,1121
83.984,242.45778,-158.47377893066408,158.47377893066408,1122
5.184,13.351505,-8.167505279541015,8.167505279541015,1123
4.896,11.029101,-6.133101371765137,6.133101371765137,1124
39.68,7.2481127,32.43188732147217,32.43188732147217,1125
849.95,861.7702,-11.820202636718705,11.820202636718705,1126
1247.64,1145.216,102.4240576171876,102.4240576171876,1127
87.168,6.924136,80.24386383819581,80.24386383819581,1128
132.224,317.9256,-185.70159814453126,185.70159814453126,1129
58.34,24.064198,34.2758024597168,34.2758024597168,1130
518.272,681.5692,-163.29721386718745,163.29721386718745,1131
8.28,98.35043,-90.07043334960937,90.07043334960937,1132
13.872,79.711174,-65.83917401123047,65.83917401123047,1133
46.672,2.0618136,44.61018640708923,44.61018640708923,1134
4.464,27.738968,-23.274967895507814,23.274967895507814,1135
34.5,26.290852,8.209148406982422,8.209148406982422,1136
156.512,96.81253,59.699469482421875,59.699469482421875,1137
73.176,95.42085,-22.24485266113281,22.24485266113281,1138
18.0,113.42438,-95.42437744140625,95.42437744140625,1139
217.44,346.83636,-129.39636474609375,129.39636474609375,1140
51.75,81.95334,-30.203338623046875,30.203338623046875,1141
544.38,407.22348,137.15651977539062,137.15651977539062,1142
76.864,7.1741934,69.68980661773682,69.68980661773682,1143
41.37,132.12396,-90.75396240234375,90.75396240234375,1144
479.952,667.5046,-187.55257763671875,187.55257763671875,1145
26.046,-3.6630213,29.709021326065063,29.709021326065063,1146
21.98,151.8668,-129.88680603027345,129.88680603027345,1147
13.216,23.764559,-10.548558792114259,10.548558792114259,1148
45.696,256.36487,-210.6688681640625,210.6688681640625,1149
44.416,22.278076,22.137923828124997,22.137923828124997,1150
505.32,7.7361555,497.58384449005126,497.58384449005126,1151
12.462,-16.655495,29.117494689941406,29.117494689941406,1152
1.728,11.3233385,-9.595338508605957,9.595338508605957,1153
796.425,771.20325,25.221752929687455,25.221752929687455,1154
198.744,437.01602,-238.27202172851563,238.27202172851563,1155
214.95,331.35156,-116.40156250000001,116.40156250000001,1156
5.682,2.752774,2.9292259998321537,2.9292259998321537,1157
105.98,65.184044,40.79595611572266,40.79595611572266,1158
1012.68,1114.8627,-102.18267089843755,102.18267089843755,1159
10.86,20.423523,-9.56352294921875,9.56352294921875,1160
12.9,20.469128,-7.5691276550292965,7.5691276550292965,1161
465.16,84.94059,380.21941009521487,380.21941009521487,1162
35.89,22.225212,13.664787902832032,13.664787902832032,1163
63.92,171.3611,-107.44109924316406,107.44109924316406,1164
21.0,167.33801,-146.3380126953125,146.3380126953125,1165
217.584,148.95387,68.63012731933594,68.63012731933594,1166
1261.33,782.34155,478.9884472656249,478.9884472656249,1167
409.272,255.56966,153.70234362792968,153.70234362792968,1168
24.7,78.36243,-53.6624267578125,53.6624267578125,1169
15.488,427.64917,-412.161169921875,412.161169921875,1170
14.272,624.6528,-610.3807709960937,610.3807709960937,1171
54.92,592.04767,-537.1276684570313,537.1276684570313,1172
34.37,234.0761,-199.70609558105468,199.70609558105468,1173
181.797,175.30876,6.4882384033203095,6.4882384033203095,1174
158.13,184.04391,-25.91391479492188,25.91391479492188,1175
25.92,53.051666,-27.131666259765623,27.131666259765623,1176
254.97,211.16716,43.80283996582031,43.80283996582031,1177
50.22,66.750206,-16.530205993652345,16.530205993652345,1178
4.984,-20.63849,25.622490676879885,25.622490676879885,1179
33.48,16.603205,16.876795272827145,16.876795272827145,1180
108.576,138.60417,-30.028171752929694,30.028171752929694,1181
6.48,10.334841,-3.8548407745361324,3.8548407745361324,1182
213.48,360.83044,-147.3504443359375,147.3504443359375,1183
35.34,71.715355,-36.37535491943359,36.37535491943359,1184
17.456,4.65648,12.799520164489746,12.799520164489746,1185
2.907,19.34422,-16.437219207763672,16.437219207763672,1186
19.44,17.396002,2.043998184204103,2.043998184204103,1187
6.672,5.882406,0.7895937652587888,0.7895937652587888,1188
77.952,202.579,-124.62699475097656,124.62699475097656,1189
11.52,38.520504,-27.000503997802735,27.000503997802735,1190
6.672,4.568058,2.103941986083984,2.103941986083984,1191
762.594,1030.6178,-268.02379785156245,268.02379785156245,1192
15.42,34.864372,-19.444372253417967,19.444372253417967,1193
11.648,5.192418,6.455581901550293,6.455581901550293,1194
290.98,130.7223,160.25769470214846,160.25769470214846,1195
74.352,16.423374,57.92862582397461,57.92862582397461,1196
10.368,32.510185,-22.142185241699217,22.142185241699217,1197
8.72,36.77009,-28.050088195800782,28.050088195800782,1198
170.88,34.297123,136.58287704467773,136.58287704467773,1199
3.96,16.526314,-12.56631378173828,12.56631378173828,1200
904.9,784.621,120.27902832031248,120.27902832031248,1201
8.56,20.114765,-11.554765167236328,11.554765167236328,1202
626.1,579.7362,46.36379394531252,46.36379394531252,1203
517.9,228.08409,289.81590881347654,289.81590881347654,1204
5.56,26.359947,-20.799947204589845,20.799947204589845,1205
3.768,28.77297,-25.00497019958496,25.00497019958496,1206
39.879,40.936695,-1.0576950988769553,1.0576950988769553,1207
220.064,362.7931,-142.7290908203125,142.7290908203125,1208
35.88,193.4409,-157.56090270996094,157.56090270996094,1209
88.02,246.28554,-158.26553771972658,158.26553771972658,1210
25.128,105.89054,-80.76254107666016,80.76254107666016,1211
1399.98,1174.4327,225.54726074218752,225.54726074218752,1212
9.248,9.223713,0.024287078857421207,0.024287078857421207,1213
5.388,6.3676586,-0.9796586151123048,0.9796586151123048,1214
1363.96,461.37808,902.5819177246094,902.5819177246094,1215
10.89,26.271294,-15.381293640136718,15.381293640136718,1216
88.776,251.6606,-162.8845987548828,162.8845987548828,1217
6.286,35.011467,-28.725466979980467,28.725466979980467,1218
3.528,1.1592557,2.3687442569732666,2.3687442569732666,1219
72.704,345.79602,-273.0920205078125,273.0920205078125,1220
3930.072,1030.5275,2899.5445341796876,2899.5445341796876,1221
161.82,289.39072,-127.57071655273438,127.57071655273438,1222
933.262,636.12604,297.1359624023437,297.1359624023437,1223
344.22,210.66951,133.55049011230471,133.55049011230471,1224
13.9,127.64918,-113.74917755126953,113.74917755126953,1225
204.95,164.46628,40.483721923828114,40.483721923828114,1226
62.85,103.51665,-40.666647338867186,40.666647338867186,1227
42.208,7.7363586,34.47164135742187,34.47164135742187,1228
51.756,149.58458,-97.82857946777344,97.82857946777344,1229
11.952,6.9345455,5.0174544830322265,5.0174544830322265,1230
3.564,-6.049715,9.613715042114258,9.613715042114258,1231
4355.168,3763.9329,591.2351386718747,591.2351386718747,1232
718.116,731.58856,-13.472562011718765,13.472562011718765,1233
1673.184,1017.857,655.3270053710937,655.3270053710937,1234
589.41,168.25345,421.15655151367184,421.15655151367184,1235
29.22,186.73857,-157.5185711669922,157.5185711669922,1236
11.688,37.18834,-25.500339233398435,25.500339233398435,1237
67.04,139.46593,-72.42592712402343,72.42592712402343,1238
17.45,60.967346,-43.51734619140625,43.51734619140625,1239
196.776,129.15541,67.62058923339845,67.62058923339845,1240
11.34,24.147509,-12.80750862121582,12.80750862121582,1241
254.9745,455.33905,-200.36455029296874,200.36455029296874,1242
18.84,103.89665,-85.05665222167968,85.05665222167968,1243
15.232,26.815712,-11.583711975097657,11.583711975097657,1244
395.0,189.99516,205.0048370361328,205.0048370361328,1245
4.928,140.93279,-136.0047850341797,136.0047850341797,1246
124.95,139.45618,-14.506176757812497,14.506176757812497,1247
159.98,141.61246,18.367542724609365,18.367542724609365,1248
34.248,8.412049,25.83595070648193,25.83595070648193,1249
2.088,20.20315,-18.115149795532226,18.115149795532226,1250
110.96,15.226309,95.73369117736816,95.73369117736816,1251
2.934,2.8572214,0.07677863502502458,0.07677863502502458,1252
9.84,49.315628,-39.47562805175781,39.47562805175781,1253
52.56,25.104197,27.455803451538088,27.455803451538088,1254
271.764,142.06383,129.70017248535157,129.70017248535157,1255
54.384,148.16779,-93.78378564453125,93.78378564453125,1256
2.064,8.041172,-5.977172027587891,5.977172027587891,1257
27.18,28.928009,-1.7480090332031253,1.7480090332031253,1258
384.768,218.01767,166.7503303222656,166.7503303222656,1259
13.392,15.642046,-2.250045974731446,2.250045974731446,1260
222.384,170.87527,51.50872534179686,51.50872534179686,1261
16.176,4.698042,11.477958084106444,11.477958084106444,1262
523.92,335.5107,188.40928833007808,188.40928833007808,1263
18.75,104.76526,-86.0152587890625,86.0152587890625,1264
6.816,5.5885916,1.2274084243774412,1.2274084243774412,1265
51.465,26.347225,25.11777481079102,25.11777481079102,1266
93.06,156.82957,-63.769574584960935,63.769574584960935,1267
45.528,18.200357,27.32764256286621,27.32764256286621,1268
59.98,72.76923,-12.789233703613284,12.789233703613284,1269
184.752,289.4996,-104.74760327148437,104.74760327148437,1270
2.628,3.7702787,-1.1422786922454833,1.1422786922454833,1271
195.136,455.78973,-260.6537338867188,260.6537338867188,1272
6.608,1.5119998,5.096000154495239,5.096000154495239,1273
12.672,87.712616,-75.04061596679688,75.04061596679688,1274
38.88,98.996155,-60.11615478515625,60.11615478515625,1275
19.83,39.00101,-19.171010894775392,19.171010894775392,1276
323.136,244.05045,79.0855544433594,79.0855544433594,1277
478.24,352.38696,125.85303710937501,125.85303710937501,1278
27.24,37.687183,-10.447183380126955,10.447183380126955,1279
99.488,2.0077767,97.48022326278686,97.48022326278686,1280
40.712,80.97507,-40.26306713867187,40.26306713867187,1281
681.408,715.6525,-34.244526855468735,34.244526855468735,1282
431.16,487.48346,-56.323459472656225,56.323459472656225,1283
887.271,279.37463,607.8963662109375,607.8963662109375,1284
25.92,63.372837,-37.45283706665039,37.45283706665039,1285
47.992,168.63078,-120.6387830810547,120.6387830810547,1286
341.96,311.01312,30.94687744140623,30.94687744140623,1287
340.92,26.403652,314.5163478088379,314.5163478088379,1288
239.97,171.20622,68.76377746582031,68.76377746582031,1289
185.88,149.5691,36.31089294433593,36.31089294433593,1290
9.87,40.345127,-30.475127105712893,30.475127105712893,1291
8.88,-21.706604,30.586604003906253,30.586604003906253,1292
32.4,103.89606,-71.49605712890624,71.49605712890624,1293
48.896,11.419217,37.476782890319825,37.476782890319825,1294
539.97,272.3322,267.6377856445313,267.6377856445313,1295
629.1,767.5737,-138.47373046874998,138.47373046874998,1296
36.96,239.2459,-202.28589538574218,202.28589538574218,1297
114.2,168.46202,-54.262020874023435,54.262020874023435,1298
127.95,139.54173,-11.591732788085935,11.591732788085935,1299
55.008,18.082596,36.92540417480469,36.92540417480469,1300
359.32,14.656017,344.6639826965332,344.6639826965332,1301
185.376,67.469894,117.90610559082032,117.90610559082032,1302
24.56,17.085993,7.474007186889647,7.474007186889647,1303
53.9,53.661064,0.23893585205077983,0.23893585205077983,1304
198.272,317.7771,-119.50509960937501,119.50509960937501,1305
22.66,5.913665,16.74633518218994,16.74633518218994,1306
28.4,30.136442,-1.7364421844482436,1.7364421844482436,1307
46.864,176.49388,-129.62988122558593,129.62988122558593,1308
54.5,84.88811,-30.388107299804688,30.388107299804688,1309
67.176,224.93735,-157.7613474121094,157.7613474121094,1310
89.97,146.10785,-56.13784912109375,56.13784912109375,1311
344.91,37.66681,307.2431909179688,307.2431909179688,1312
66.69,100.52731,-33.83731323242188,33.83731323242188,1313
152.94,16.330954,136.60904640197754,136.60904640197754,1314
748.752,569.06757,179.6844340820312,179.6844340820312,1315
13.632,22.678019,-9.04601856994629,9.04601856994629,1316
46.344,17.389896,28.954103607177736,28.954103607177736,1317
11.36,54.127716,-42.767716064453126,42.767716064453126,1318
16.464,62.391373,-45.927372680664064,45.927372680664064,1319
742.336,680.1297,62.20630029296876,62.20630029296876,1320
113.79,103.04227,10.747733154296881,10.747733154296881,1321
20.544,74.58693,-54.042929321289066,54.042929321289066,1322
107.44,68.013824,39.42617553710937,39.42617553710937,1323
2.672,14.539795,-11.867794921875,11.867794921875,1324
8.64,48.455917,-39.81591735839844,39.81591735839844,1325
87.8,209.69754,-121.89754028320313,121.89754028320313,1326
62.91,170.27446,-107.36445983886719,107.36445983886719,1327
52.4,203.50389,-151.10389099121093,151.10389099121093,1328
883.92,454.17383,429.74617187499996,429.74617187499996,1329
6354.95,11819.022,-5464.0724609375,5464.0724609375,1330
43.7,88.063255,-44.36325531005859,44.36325531005859,1331
8.952,23.153137,-14.20113720703125,14.20113720703125,1332
13.98,10.390213,3.589786987304688,3.589786987304688,1333
9.408,72.17504,-62.76704119873047,62.76704119873047,1334
7.96,5.8341427,2.1258573150634765,2.1258573150634765,1335
319.968,277.62152,42.34647900390627,42.34647900390627,1336
9.26,7.0039444,2.2560556030273435,2.2560556030273435,1337
6.24,115.794815,-109.55481506347657,109.55481506347657,1338
91.92,117.826706,-25.906705932617186,25.906705932617186,1339
26.88,59.708504,-32.828503723144536,32.828503723144536,1340
33.568,53.88456,-20.31655963134766,20.31655963134766,1341
479.97,418.40137,61.56863281250003,61.56863281250003,1342
24.448,24.44655,0.0014496307373050854,0.0014496307373050854,1343
68.46,116.09581,-47.635809936523444,47.635809936523444,1344
78.759,37.502083,41.25691717529297,41.25691717529297,1345
334.768,188.86134,145.9066566162109,145.9066566162109,1346
400.784,41.649628,359.1343723144531,359.1343723144531,1347
281.34,293.48364,-12.143642578125025,12.143642578125025,1348
239.976,433.40436,-193.42835791015625,193.42835791015625,1349
764.688,1250.8165,-486.1285283203125,486.1285283203125,1350
20.88,24.642239,-3.7622386169433604,3.7622386169433604,1351
18.528,172.28143,-153.75343310546876,153.75343310546876,1352
12.96,19.480213,-6.520213165283202,6.520213165283202,1353
19.92,19.155628,0.7643717956542986,0.7643717956542986,1354
158.376,359.38882,-201.01282446289062,201.01282446289062,1355
228.92,57.953926,170.9660739135742,170.9660739135742,1356
3406.664,1223.9154,2182.7485947265627,2182.7485947265627,1357
45.98,10.106561,35.87343929290771,35.87343929290771,1358
20.736,32.86141,-12.125408233642577,12.125408233642577,1359
10.984,84.310646,-73.32664605712891,73.32664605712891,1360
23.68,18.48068,5.1993195343017575,5.1993195343017575,1361
152.65,93.28424,59.365759277343756,59.365759277343756,1362
450.04,10.227012,439.812988319397,439.812988319397,1363
151.72,151.66646,0.05354187011718636,0.05354187011718636,1364
251.52,34.67999,216.84001113891603,216.84001113891603,1365
1919.976,646.0619,1273.9141103515626,1273.9141103515626,1366
33.568,11.511523,22.05647675323486,22.05647675323486,1367
887.271,195.86418,691.4068184814453,691.4068184814453,1368
4.752,3.740335,1.011665012359619,1.011665012359619,1369
80.991,25.45795,55.533049407958984,55.533049407958984,1370
20.23,76.1982,-55.96819641113281,55.96819641113281,1371
17.088,8.2402525,8.84774750518799,8.84774750518799,1372
72.294,47.476196,24.817803710937497,24.817803710937497,1373
5.328,18.668785,-13.340785095214844,13.340785095214844,1374
1.869,23.748718,-21.87971826171875,21.87971826171875,1375
56.3,24.72274,31.577259826660153,31.577259826660153,1376
1117.92,76.488976,1041.4310244750977,1041.4310244750977,1377
717.72,545.33075,172.38925048828128,172.38925048828128,1378
104.9,159.73463,-54.83463439941406,54.83463439941406,1379
21.4,167.04982,-145.64981994628906,145.64981994628906,1380
16.784,13.710182,3.0738178100585927,3.0738178100585927,1381
710.832,241.38634,469.44566271972656,469.44566271972656,1382
99.68,30.8376,68.8423992919922,68.8423992919922,1383
47.992,114.39893,-66.40693341064454,66.40693341064454,1384
241.44,42.029144,199.41085571289062,199.41085571289062,1385
30.87,95.912186,-65.04218566894531,65.04218566894531,1386
121.78,99.554016,22.22598388671875,22.22598388671875,1387
40.3,44.735386,-4.4353858947753935,4.4353858947753935,1388
7.184,1.5280799,5.655920132637024,5.655920132637024,1389
34.44,18.8768,15.563199462890623,15.563199462890623,1390
376.509,478.74246,-102.23346215820311,102.23346215820311,1391
69.9,142.42564,-72.52564392089843,72.52564392089843,1392
77.952,170.5794,-92.62740673828125,92.62740673828125,1393
11.376,88.35536,-76.97936193847656,76.97936193847656,1394
419.9,507.81802,-87.91802368164065,87.91802368164065,1395
16.56,120.163414,-103.60341400146484,103.60341400146484,1396
3.38,6.222598,-2.8425980758666993,2.8425980758666993,1397
249.75,130.23943,119.51057434082031,119.51057434082031,1398
40.05,56.718994,-16.668994140625003,16.668994140625003,1399
557.728,412.6192,145.1087983398437,145.1087983398437,1400
1004.024,573.5505,430.47352392578125,430.47352392578125,1401
1454.49,932.14154,522.3484594726563,522.3484594726563,1402
24.32,108.9149,-84.59490173339844,84.59490173339844,1403
18.9,39.958626,-21.058625793457033,21.058625793457033,1404
88.776,143.31325,-54.537247680664066,54.537247680664066,1405
1044.63,526.0938,518.5361889648439,518.5361889648439,1406
18.688,6.6991434,11.988856590270995,11.988856590270995,1407
32.368,76.0417,-43.67370227050781,43.67370227050781,1408
328.59,377.4361,-48.846096191406275,48.846096191406275,1409
307.92,514.28107,-206.36106689453123,206.36106689453123,1410
343.2,121.606125,221.5938751220703,221.5938751220703,1411
72.744,327.09882,-254.35481591796875,254.35481591796875,1412
9.64,19.020742,-9.380742416381835,9.380742416381835,1413
24.2,92.61743,-68.417431640625,68.417431640625,1414
32.088,73.942665,-41.854665100097655,41.854665100097655,1415
338.04,78.04924,259.99075988769533,259.99075988769533,1416
25.02,28.83996,-3.819960098266602,3.819960098266602,1417
60.35,215.51918,-155.16918029785157,155.16918029785157,1418
1606.23,1192.702,413.5279736328125,413.5279736328125,1419
82.656,79.7321,2.9238985595703184,2.9238985595703184,1420
135.95,129.09445,6.855548095703114,6.855548095703114,1421
14.82,94.00853,-79.18852966308594,79.18852966308594,1422
73.2,31.451189,41.74881095886231,41.74881095886231,1423
11.672,300.17386,-288.5018586425781,288.5018586425781,1424
398.352,53.513664,344.8383357543945,344.8383357543945,1425
269.982,452.95602,-182.97402416992185,182.97402416992185,1426
842.352,360.31317,482.0388286132812,482.0388286132812,1427
142.182,170.43715,-28.255149047851575,28.255149047851575,1428
6.12,22.940437,-16.82043731689453,16.82043731689453,1429
54.816,9.471744,45.3442564163208,45.3442564163208,1430
98.16,213.72678,-115.56677612304688,115.56677612304688,1431
4912.59,240.83784,4671.752155151367,4671.752155151367,1432
18.24,80.275566,-62.035566101074224,62.035566101074224,1433
371.97,168.44339,203.5266101074219,203.5266101074219,1434
13.904,7.247385,6.656614974975586,6.656614974975586,1435
55.104,71.99408,-16.89007958984375,16.89007958984375,1436
629.184,546.7534,82.43058203124997,82.43058203124997,1437
55.168,52.3571,2.8108985595703118,2.8108985595703118,1438
55.48,20.189806,35.29019401550293,35.29019401550293,1439
23.832,42.897522,-19.06552197265625,19.06552197265625,1440
300.904,103.93219,196.97181005859375,196.97181005859375,1441
3.168,-9.591513,12.75951268005371,12.75951268005371,1442
123.92,39.317276,84.60272399902344,84.60272399902344,1443
7.23,14.297735,-7.067735214233398,7.067735214233398,1444
9.24,28.354012,-19.11401153564453,19.11401153564453,1445
6.99,17.44301,-10.453010330200195,10.453010330200195,1446
52.096,16.446497,35.64950303649902,35.64950303649902,1447
11.76,40.520386,-28.760385742187502,28.760385742187502,1448
3.984,183.40508,-179.42107507324218,179.42107507324218,1449
13.92,2.8525324,11.067467613220215,11.067467613220215,1450
14.576,1.1999283,13.376071716308594,13.376071716308594,1451
68.541,12.1684265,56.37257348632812,56.37257348632812,1452
449.97,580.7049,-130.73489501953122,130.73489501953122,1453
155.372,193.72438,-38.35238049316405,38.35238049316405,1454
30.93,73.34352,-42.41352111816406,42.41352111816406,1455
125.93,137.8733,-11.943306274414056,11.943306274414056,1456
47.808,205.06789,-157.25988635253907,157.25988635253907,1457
195.64,17.353992,178.28600753784178,178.28600753784178,1458
9.99,4.5044107,5.485589256286621,5.485589256286621,1459
14.9,49.10431,-34.20430908203125,34.20430908203125,1460
303.25,340.4812,-37.231201171875,37.231201171875,1461
6.048,25.48286,-19.434860565185545,19.434860565185545,1462
35.88,149.63588,-113.75587951660157,113.75587951660157,1463
32.232,22.436438,9.795562393188476,9.795562393188476,1464
582.336,945.8577,-363.52172705078124,363.52172705078124,1465
18.288,63.14953,-44.86152850341797,44.86152850341797,1466
19.52,169.2418,-149.72180603027343,149.72180603027343,1467
69.99,60.111942,9.87805770874023,9.87805770874023,1468
103.12,209.47069,-106.35068786621093,106.35068786621093,1469
1.98,110.3264,-108.34640075683593,108.34640075683593,1470
21.312,78.97211,-57.66010693359375,57.66010693359375,1471
17.48,20.576782,-3.0967822265624996,3.0967822265624996,1472
318.43,617.1933,-298.76329833984374,298.76329833984374,1473
251.964,583.45355,-331.48955224609375,331.48955224609375,1474
26.16,33.38176,-7.221759643554687,7.221759643554687,1475
6.368,99.80109,-93.43308642578126,93.43308642578126,1476
306.9,448.07336,-141.17336425781252,141.17336425781252,1477
146.82,103.47082,43.349182434082024,43.349182434082024,1478
15.712,18.963028,-3.2510279541015628,3.2510279541015628,1479
281.372,116.56535,164.80664660644533,164.80664660644533,1480
40.99,29.178263,11.811737289428713,11.811737289428713,1481
10.48,8.806312,1.6736883926391606,1.6736883926391606,1482
47.984,283.17328,-235.18927880859374,235.18927880859374,1483
12.96,28.845594,-15.885594406127929,15.885594406127929,1484
36.744,21.124062,15.619938415527344,15.619938415527344,1485
1295.78,543.53735,752.242646484375,752.242646484375,1486
87.71,140.36285,-52.652854003906256,52.652854003906256,1487
38.04,142.17899,-104.13898559570313,104.13898559570313,1488
24.9,77.3164,-52.41639862060547,52.41639862060547,1489
40.48,89.64036,-49.16035797119141,49.16035797119141,1490
191.6,142.17177,49.42823181152343,49.42823181152343,1491
17.48,35.185555,-17.70555450439453,17.70555450439453,1492
97.184,306.88193,-209.69792749023438,209.69792749023438,1493
29.24,66.414116,-37.174115905761724,37.174115905761724,1494
4663.736,1307.6799,3356.056068359375,3356.056068359375,1495
12.294,-2.6616614,14.955661386489869,14.955661386489869,1496
3.15,16.489998,-13.339997863769531,13.339997863769531,1497
818.376,358.26666,460.1093374023437,460.1093374023437,1498
5.904,1.1592557,4.7447442569732665,4.7447442569732665,1499
11.52,31.245344,-19.725344161987305,19.725344161987305,1500
293.52,234.57622,58.943782348632794,58.943782348632794,1501
91.6,27.907846,63.69215354919433,63.69215354919433,1502
14.94,27.358326,-12.418325958251954,12.418325958251954,1503
23.88,129.91142,-106.03142272949219,106.03142272949219,1504
40.968,8.554666,32.41333443450928,32.41333443450928,1505
29.403,1.8959134,27.507086637496947,27.507086637496947,1506
8.134,4.572855,3.5611450042724613,3.5611450042724613,1507
23.968,84.29939,-60.33139270019531,60.33139270019531,1508
15.712,305.43182,-289.71982373046876,289.71982373046876,1509
99.98,150.06596,-50.08596374511718,50.08596374511718,1510
487.92,376.75327,111.16673461914064,111.16673461914064,1511
227.136,97.47568,129.66032250976562,129.66032250976562,1512
222.352,34.277023,188.07497668457032,188.07497668457032,1513
40.67,126.60617,-85.93617065429687,85.93617065429687,1514
9.584,2.330409,7.253590950012207,7.253590950012207,1515
29.718,11.903851,17.814149444580078,17.814149444580078,1516
841.568,439.5689,401.99909130859373,401.99909130859373,1517
29.61,114.8088,-85.19879974365234,85.19879974365234,1518
75.792,20.925186,54.86681384277344,54.86681384277344,1519
45.36,62.236393,-16.876392974853516,16.876392974853516,1520
27.42,157.1757,-129.75570495605467,129.75570495605467,1521
4.338,44.709442,-40.371442138671874,40.371442138671874,1522
12.07,29.620281,-17.55028121948242,17.55028121948242,1523
102.93,55.61727,47.31272857666016,47.31272857666016,1524
9.588,369.5095,-359.92149096679685,359.92149096679685,1525
20.72,20.235382,0.48461791992187386,0.48461791992187386,1526
653.55,287.6972,365.8527954101562,365.8527954101562,1527
9.99,39.644203,-29.654203186035154,29.654203186035154,1528
5.04,2.717929,2.322071113586426,2.322071113586426,1529
14.376,12.837679,1.5383210906982416,1.5383210906982416,1530
11.648,80.390274,-68.74227404785157,68.74227404785157,1531
107.97,110.01159,-2.04158905029297,2.04158905029297,1532
264.32,7.423504,256.89649612426757,256.89649612426757,1533
272.94,20.081898,252.8581022644043,252.8581022644043,1534
14.56,13.603104,0.956896362304688,0.956896362304688,1535
10.8,65.65057,-54.85057373046875,54.85057373046875,1536
239.976,173.13655,66.83944909667969,66.83944909667969,1537
24.18,6.4586134,17.72138660430908,17.72138660430908,1538
29.52,101.019424,-71.49942443847657,71.49942443847657,1539
9099.93,7318.1553,1781.7747265625003,1781.7747265625003,1540
377.928,938.11285,-560.1848540039063,560.1848540039063,1541
19.44,18.017673,1.4223265075683607,1.4223265075683607,1542
5.34,13.776746,-8.436745796203613,8.436745796203613,1543
101.994,249.59856,-147.6045565185547,147.6045565185547,1544
17.12,62.903664,-45.7836636352539,45.7836636352539,1545
26.16,4.141756,22.018243942260742,22.018243942260742,1546
2.688,14.210686,-11.522685729980468,11.522685729980468,1547
105.584,98.79756,6.786438354492191,6.786438354492191,1548
47.3,3.8701632,43.42983679771423,43.42983679771423,1549
17.94,62.15645,-44.216448364257815,44.216448364257815,1550
1592.85,1432.8282,160.0217529296874,160.0217529296874,1551
34.272,10.150535,24.12146537017822,24.12146537017822,1552
56.07,243.83836,-187.76836364746094,187.76836364746094,1553
264.32,15.50691,248.8130896759033,248.8130896759033,1554
64.944,201.28285,-136.33885217285155,136.33885217285155,1555
62.18,20.071842,42.108157806396484,42.108157806396484,1556
38.08,220.3102,-182.23019592285158,182.23019592285158,1557
17.22,47.11869,-29.898690490722657,29.898690490722657,1558
63.824,163.10315,-99.2791494140625,99.2791494140625,1559
51.94,143.98912,-92.04912048339844,92.04912048339844,1560
12.448,8.925111,3.522889183044434,3.522889183044434,1561
772.47,227.25496,545.2150408935547,545.2150408935547,1562
271.44,258.64398,12.796018066406248,12.796018066406248,1563
34.02,40.652637,-6.63263748168945,6.63263748168945,1564
24.896,27.23478,-2.3387793579101555,2.3387793579101555,1565
13.44,9.452209,3.9877905273437495,3.9877905273437495,1566
24.75,177.34239,-152.59239196777344,152.59239196777344,1567
21.4,81.93791,-60.53791198730469,60.53791198730469,1568
66.688,3.1707242,63.517275846481326,63.517275846481326,1569
99.846,58.440773,41.4052269897461,41.4052269897461,1570
159.84,544.41113,-384.57113281249997,384.57113281249997,1571
7.3,41.07395,-33.77395172119141,33.77395172119141,1572
90.06,187.28723,-97.2272314453125,97.2272314453125,1573
45.04,19.93409,25.105910339355468,25.105910339355468,1574
8.544,1.7176244,6.826375574111939,6.826375574111939,1575
2625.12,2116.5596,508.5604296874999,508.5604296874999,1576
12.96,25.127256,-12.167256393432616,12.167256393432616,1577
71.6,125.72978,-54.12978210449219,54.12978210449219,1578
270.34,159.78052,110.55948242187497,110.55948242187497,1579
10.784,10.943374,-0.1593736801147454,0.1593736801147454,1580
25.5,27.45895,-1.9589500427246094,1.9589500427246094,1581
110.352,271.13965,-160.7876484375,160.7876484375,1582
148.48,235.8863,-87.40630676269532,87.40630676269532,1583
191.646,130.31267,61.3333321533203,61.3333321533203,1584
436.704,358.0971,78.60689306640626,78.60689306640626,1585
9.94,123.20283,-113.26282745361328,113.26282745361328,1586
13.9,61.6454,-47.745401000976564,47.745401000976564,1587
17.48,9.039889,8.440110664367676,8.440110664367676,1588
1040.8,643.0854,397.7146118164062,397.7146118164062,1589
24.368,202.30232,-177.93432238769532,177.93432238769532,1590
5.64,132.34558,-126.7055810546875,126.7055810546875,1591
201.584,131.58177,70.00222814941407,70.00222814941407,1592
32.36,135.39009,-103.03009094238281,103.03009094238281,1593
203.92,627.80365,-423.8836499023438,423.8836499023438,1594
686.32,921.7061,-235.3861157226562,235.3861157226562,1595
723.92,234.08333,489.83667175292965,489.83667175292965,1596
16.704,116.35083,-99.64683007812499,99.64683007812499,1597
23.56,339.86206,-316.302060546875,316.302060546875,1598
18.84,179.8721,-161.03210083007812,161.03210083007812,1599
9.78,9.804428,-0.02442810058593814,0.02442810058593814,1600
480.74,5.034051,475.7059490585327,475.7059490585327,1601
34.176,-19.954832,54.13083207702637,54.13083207702637,1602
186.54,131.26878,55.271216430664055,55.271216430664055,1603
966.7,625.5788,341.1212036132813,341.1212036132813,1604
445.44,381.6972,63.74279541015625,63.74279541015625,1605
4.086,6.563902,-2.477901901245117,2.477901901245117,1606
104.28,13.746374,90.53362586975098,90.53362586975098,1607
18.24,-0.6259577,18.86595772743225,18.86595772743225,1608
175.92,58.439133,117.4808673095703,117.4808673095703,1609
15.28,22.500055,-7.220055313110352,7.220055313110352,1610
61.96,400.14764,-338.18764404296877,338.18764404296877,1611
62.048,3.6703315,58.377668521881105,58.377668521881105,1612
1801.632,543.2992,1258.3328056640626,1258.3328056640626,1613
19.36,10.67778,8.682219848632812,8.682219848632812,1614
265.17,10.767479,254.40252105712892,254.40252105712892,1615
27.72,108.75352,-81.03351715087891,81.03351715087891,1616
236.88,238.43646,-1.5564624023437545,1.5564624023437545,1617
15.47,309.5643,-294.09430053710935,294.09430053710935,1618
122.352,129.81854,-7.466542480468746,7.466542480468746,1619
22.72,30.606821,-7.886821060180665,7.886821060180665,1620
197.97,215.77307,-17.8030712890625,17.8030712890625,1621
31.84,73.901985,-42.06198516845703,42.06198516845703,1622
6.9,109.647,-102.74700317382812,102.74700317382812,1623
14.76,89.89665,-75.13665222167968,75.13665222167968,1624
34.8,148.31206,-113.51205749511719,113.51205749511719,1625
845.728,99.30324,746.4247620849609,746.4247620849609,1626
27.216,19.130661,8.085338989257814,8.085338989257814,1627
10.368,16.772455,-6.404455215454101,6.404455215454101,1628
116.784,103.20942,13.574580749511725,13.574580749511725,1629
19.776,22.735619,-2.959618591308594,2.959618591308594,1630
3.798,-3.0828974,6.880897424697876,6.880897424697876,1631
302.376,112.56947,189.8065267333984,189.8065267333984,1632
19.98,12.249914,7.730085830688477,7.730085830688477,1633
7.61,20.29076,-12.680760040283204,12.680760040283204,1634
325.632,60.414818,265.2171821899414,265.2171821899414,1635
50.04,110.363785,-60.32378479003906,60.32378479003906,1636
102.368,15.085336,87.28266426849365,87.28266426849365,1637
659.97,501.44818,158.52181884765628,158.52181884765628,1638
20.736,21.127413,-0.39141279602050716,0.39141279602050716,1639
23.616,121.89943,-98.28342932128906,98.28342932128906,1640
36.4,78.78797,-42.38797149658203,42.38797149658203,1641
49.76,19.925636,29.83436370849609,29.83436370849609,1642
2715.93,3250.174,-534.2440722656252,534.2440722656252,1643
74.76,33.413765,41.346235046386724,41.346235046386724,1644
542.646,358.0252,184.6207924804687,184.6207924804687,1645
28.752,19.810537,8.941462661743163,8.941462661743163,1646
479.984,426.65796,53.32604101562498,53.32604101562498,1647
104.784,120.51301,-15.729008117675775,15.729008117675775,1648
192.72,125.49782,67.22218200683594,67.22218200683594,1649
63.98,234.62064,-170.64063598632814,170.64063598632814,1650
218.352,150.73001,67.62198901367188,67.62198901367188,1651
2.48,10.770439,-8.290439147949218,8.290439147949218,1652
17.61,26.04221,-8.432209625244141,8.432209625244141,1653
185.376,139.16576,46.21024377441407,46.21024377441407,1654
16.34,16.197088,0.14291175842285142,0.14291175842285142,1655
629.95,516.88617,113.0638305664063,113.0638305664063,1656
3.762,5.322319,-1.5603190307617187,1.5603190307617187,1657
457.568,491.27716,-33.709160644531266,33.709160644531266,1658
176.772,358.40268,-181.63067944335938,181.63067944335938,1659
35.04,26.35522,8.684779205322265,8.684779205322265,1660
31.05,8.356089,22.693911361694337,22.693911361694337,1661
7.16,16.846735,-9.686735000610351,9.686735000610351,1662
1090.782,710.30145,380.4805473632812,380.4805473632812,1663
14.94,136.77422,-121.83421569824219,121.83421569824219,1664
31.96,68.61424,-36.65424255371094,36.65424255371094,1665
131.136,86.11446,45.02153619384765,45.02153619384765,1666
264.18,155.63683,108.54317443847657,108.54317443847657,1667
34.384,13.872641,20.51135939025879,20.51135939025879,1668
44.46,63.900826,-19.44082550048828,19.44082550048828,1669
50.12,103.71101,-53.591013793945315,53.591013793945315,1670
44.67,156.78613,-112.1161328125,112.1161328125,1671
177.2,154.96501,22.2349884033203,22.2349884033203,1672
3.36,27.804035,-24.44403518676758,24.44403518676758,1673
75.84,7.320387,68.51961311340332,68.51961311340332,1674
1704.56,991.91125,712.6487451171874,712.6487451171874,1675
71.88,11.596376,60.28362358093261,60.28362358093261,1676
299.97,247.26982,52.70017883300784,52.70017883300784,1677
30.0,77.04468,-47.044677734375,47.044677734375,1678
46.2,69.13305,-22.933049011230466,22.933049011230466,1679
46.672,10.608396,36.063604423522946,36.063604423522946,1680
21.392,1.2914197,20.100580255508422,20.100580255508422,1681
8.96,96.429794,-87.46979431152343,87.46979431152343,1682
87.92,51.26403,36.65596954345703,36.65596954345703,1683
7.312,19.933666,-12.621666229248046,12.621666229248046,1684
87.4,142.45584,-55.05584106445312,55.05584106445312,1685
12.39,34.362938,-21.972937927246093,21.972937927246093,1686
11.07,53.71298,-42.64297836303711,42.64297836303711,1687
37.392,16.466436,20.925563613891605,20.925563613891605,1688
13.9,112.25485,-98.35485229492187,98.35485229492187,1689
114.2,158.3319,-44.131893920898435,44.131893920898435,1690
833.94,502.5916,331.3483862304688,331.3483862304688,1691
438.368,237.02927,201.33873364257812,201.33873364257812,1692
9.324,11.150354,-1.8263543853759767,1.8263543853759767,1693
95.984,238.47508,-142.49108239746096,142.49108239746096,1694
27.96,290.2634,-262.3033972167969,262.3033972167969,1695
158.28,321.80914,-163.52914306640625,163.52914306640625,1696
37.056,21.66602,15.389980560302732,15.389980560302732,1697
14.4,60.773132,-46.37313232421875,46.37313232421875,1698
52.68,231.36256,-178.68256408691406,178.68256408691406,1699
312.552,96.47856,216.07343859863283,216.07343859863283,1700
40.48,81.22955,-40.74955322265625,40.74955322265625,1701
143.7,23.692734,120.00726623535155,120.00726623535155,1702
32.4,50.43413,-18.034131622314455,18.034131622314455,1703
19.68,77.80206,-58.12206298828125,58.12206298828125,1704
24.672,12.595406,12.07659442138672,12.07659442138672,1705
5.984,25.32124,-19.337239471435545,19.337239471435545,1706
68.472,34.978382,33.49361788940429,33.49361788940429,1707
79.92,619.08514,-539.1651440429688,539.1651440429688,1708
31.12,53.022934,-21.902933959960937,21.902933959960937,1709
333.576,170.34544,163.23055627441408,163.23055627441408,1710
319.76,152.21709,167.5429132080078,167.5429132080078,1711
40.0,99.58758,-59.58757781982422,59.58757781982422,1712
42.76,16.216516,26.54348350524902,26.54348350524902,1713
166.72,20.63961,146.08038970947266,146.08038970947266,1714
31.44,30.79153,0.6484693908691419,0.6484693908691419,1715
31.4,263.58026,-232.18026123046874,232.18026123046874,1716
16.4,88.322266,-71.922265625,71.922265625,1717
371.976,344.80853,27.16746728515625,27.16746728515625,1718
715.64,207.35652,508.2834783935547,508.2834783935547,1719
20.8,164.09976,-143.2997619628906,143.2997619628906,1720
231.72,7.397809,224.3221909713745,224.3221909713745,1721
454.272,641.6259,-187.35391552734376,187.35391552734376,1722
8.64,17.76743,-9.12742935180664,9.12742935180664,1723
11.52,172.26799,-160.74799011230468,160.74799011230468,1724
11.568,7.918641,3.649358909606933,3.649358909606933,1725
101.96,10.081564,91.87843605041503,91.87843605041503,1726
2453.43,756.0039,1697.4260937499998,1697.4260937499998,1727
254.744,291.9833,-37.239306884765625,37.239306884765625,1728
19.6,70.80438,-51.20438232421875,51.20438232421875,1729
14.352,57.541573,-43.18957257080078,43.18957257080078,1730
493.92,679.4357,-185.51572998046873,185.51572998046873,1731
7.312,1.1592557,6.152744256973267,6.152744256973267,1732
200.984,35.784794,165.19920614624024,165.19920614624024,1733
3.44,2.0447736,1.3952264213562011,1.3952264213562011,1734
180.96,325.83124,-144.87123779296874,144.87123779296874,1735
206.1,269.4068,-63.306799316406256,63.306799316406256,1736
274.89,184.45462,90.43537963867186,90.43537963867186,1737
38.88,112.40019,-73.52019226074219,73.52019226074219,1738
579.95,381.985,197.96501464843755,197.96501464843755,1739
7.68,21.279915,-13.599914855957032,13.599914855957032,1740
99.98,100.38783,-0.4078326416015585,0.4078326416015585,1741
9.096,79.10246,-70.00646276855468,70.00646276855468,1742
143.73,389.72946,-245.99946166992189,245.99946166992189,1743
15.552,24.35568,-8.803680465698243,8.803680465698243,1744
107.44,63.685883,43.75411743164062,43.75411743164062,1745
81.08,40.816605,40.263395385742186,40.263395385742186,1746
11.67,35.51528,-23.845281677246092,23.845281677246092,1747
84.98,104.51169,-19.53168823242187,19.53168823242187,1748
195.136,375.2213,-180.0853134765625,180.0853134765625,1749
8.92,137.28036,-128.3603649902344,128.3603649902344,1750
284.364,220.1332,64.23080603027341,64.23080603027341,1751
13.36,649.9816,-636.6216284179687,636.6216284179687,1752
46.2,55.910797,-9.710797119140622,9.710797119140622,1753
5.68,17.804035,-12.124035186767578,12.124035186767578,1754
23.68,39.803177,-16.123176879882813,16.123176879882813,1755
1.234,-2.3173223,3.551322254180908,3.551322254180908,1756
89.97,215.02739,-125.05738952636719,125.05738952636719,1757
113.328,132.2028,-18.874804565429685,18.874804565429685,1758
158.376,173.75807,-15.382071899414058,15.382071899414058,1759
56.82,20.434673,36.38532669067383,36.38532669067383,1760
18.54,11.435423,7.104577102661132,7.104577102661132,1761
29.6,57.188023,-27.58802261352539,27.58802261352539,1762
6.36,34.249702,-27.889702453613282,27.889702453613282,1763
17.12,8.521413,8.598587150573731,8.598587150573731,1764
586.398,636.9766,-50.578623535156225,50.578623535156225,1765
824.95,622.7707,202.1793090820313,202.1793090820313,1766
11.424,14.84705,-3.423049713134766,3.423049713134766,1767
10.86,18.9281,-8.0681005859375,8.0681005859375,1768
43.176,87.913925,-44.737925170898436,44.737925170898436,1769
18.368,3.561119,14.806880920410155,14.806880920410155,1770
112.776,191.02455,-78.24855139160157,78.24855139160157,1771
49.98,100.96021,-50.980212707519534,50.980212707519534,1772
152.94,22.05606,130.88393920898437,130.88393920898437,1773
181.35,175.8001,5.549905395507807,5.549905395507807,1774
755.96,538.1878,217.7721948242188,217.7721948242188,1775
21.8,95.27361,-73.47361297607422,73.47361297607422,1776
629.95,437.71378,192.23622436523442,192.23622436523442,1777
175.23,332.77283,-157.5428271484375,157.5428271484375,1778
58.2,99.04083,-40.84083251953125,40.84083251953125,1779
103.481,227.95055,-124.46954626464844,124.46954626464844,1780
435.84,432.22107,3.618930664062475,3.618930664062475,1781
110.4,269.5941,-159.19408569335937,159.19408569335937,1782
24.96,299.9138,-274.9537878417969,274.9537878417969,1783
151.192,135.75331,15.438688842773445,15.438688842773445,1784
657.93,537.9091,120.0208813476562,120.0208813476562,1785
190.848,257.86407,-67.01607470703124,67.01607470703124,1786
41.568,230.8914,-189.3234031982422,189.3234031982422,1787
314.532,251.87575,62.65625231933592,62.65625231933592,1788
40.68,7.9330416,32.7469584274292,32.7469584274292,1789
53.316,294.32446,-241.008462890625,241.008462890625,1790
9.82,16.024353,-6.20435302734375,6.20435302734375,1791
569.536,77.606224,491.92977593994135,491.92977593994135,1792
1421.664,1325.8717,95.79229589843749,95.79229589843749,1793
3.168,0.79449534,2.373504655838013,2.373504655838013,1794
199.98,126.13375,73.84624908447265,73.84624908447265,1795
15.48,5.532874,9.94712589263916,9.94712589263916,1796
57.594,172.55284,-114.95884118652344,114.95884118652344,1797
627.168,515.9926,111.17538525390626,111.17538525390626,1798
11.232,22.354565,-11.122564666748048,11.122564666748048,1799
51.968,58.099144,-6.13114398193359,6.13114398193359,1800
4416.174,991.3502,3424.8237802734375,3424.8237802734375,1801
163.88,294.49527,-130.61526977539063,130.61526977539063,1802
129.45,193.1788,-63.728802490234386,63.728802490234386,1803
10.272,50.146473,-39.874472930908205,39.874472930908205,1804
20.736,33.11866,-12.38265997314453,12.38265997314453,1805
207.0,299.80963,-92.80963134765625,92.80963134765625,1806
14.94,4.5407295,10.399270477294921,10.399270477294921,1807
44.82,193.84956,-149.02956359863282,149.02956359863282,1808
296.37,62.09954,234.2704592895508,234.2704592895508,1809
13.36,71.72504,-58.36503662109375,58.36503662109375,1810
821.88,641.03174,180.84826171875,180.84826171875,1811
7.77,16.960777,-9.190777282714844,9.190777282714844,1812
34.86,192.07106,-157.21106018066405,157.21106018066405,1813
55.44,119.35842,-63.918421325683596,63.918421325683596,1814
47.584,31.930195,15.653805145263675,15.653805145263675,1815
162.64,25.872274,136.76772560119628,136.76772560119628,1816
371.97,195.68889,176.28111145019534,176.28111145019534,1817
273.552,268.44635,5.105649902343771,5.105649902343771,1818
102.336,499.17084,-396.83483740234374,396.83483740234374,1819
43.68,81.81824,-38.1382373046875,38.1382373046875,1820
10.65,34.83164,-24.181638336181642,24.181638336181642,1821
231.98,233.71062,-1.7306170654296977,1.7306170654296977,1822
25.92,38.430717,-12.510717468261717,12.510717468261717,1823
225.296,279.54153,-54.24553442382813,54.24553442382813,1824
14.91,226.97533,-212.06532653808594,212.06532653808594,1825
83.56,46.93493,36.62507110595703,36.62507110595703,1826
239.456,98.0393,141.41670098876952,141.41670098876952,1827
46.864,98.89751,-52.03350671386719,52.03350671386719,1828
1.964,-6.23524,8.19923998260498,8.19923998260498,1829
19.824,74.31803,-54.49403131103516,54.49403131103516,1830
47.9,17.482689,30.417311096191405,30.417311096191405,1831
47.18,187.19942,-140.0194171142578,140.0194171142578,1832
5.184,1.1592557,4.024744256973267,4.024744256973267,1833
4.158,7.490597,-3.332596771240234,3.332596771240234,1834
11.12,17.05629,-5.936289672851563,5.936289672851563,1835
116.82,21.111052,95.70894844055175,95.70894844055175,1836
2807.84,1911.2639,896.5760839843751,896.5760839843751,1837
5.18,-1.0701048,6.250104837417602,6.250104837417602,1838
333.09,12.503423,320.5865772628784,320.5865772628784,1839
50.352,23.14627,27.20572924804687,27.20572924804687,1840
9.12,29.49145,-20.371449356079104,20.371449356079104,1841
170.072,392.8921,-222.82008984375,222.82008984375,1842
27.92,227.73088,-199.81088073730467,199.81088073730467,1843
14.976,35.918472,-20.942472290039063,20.942472290039063,1844
837.6,234.17027,603.4297271728516,603.4297271728516,1845
35.216,9.590139,25.625860610961915,25.625860610961915,1846
962.08,303.6892,658.390791015625,658.390791015625,1847
911.984,460.34662,451.6373813476563,451.6373813476563,1848
16.74,108.528534,-91.78853393554688,91.78853393554688,1849
422.058,319.16058,102.89741650390624,102.89741650390624,1850
17.12,81.05095,-63.93094909667968,63.93094909667968,1851
302.67,235.03952,67.63047973632814,67.63047973632814,1852
79.984,151.96591,-71.98191186523438,71.98191186523438,1853
3.912,4.0136337,-0.10163372802734383,0.10163372802734383,1854
113.82,39.843887,73.97611267089843,73.97611267089843,1855
7.8,78.445724,-70.64572448730469,70.64572448730469,1856
290.336,9.416136,280.91986421203615,280.91986421203615,1857
22.58,21.403599,1.1764012145996077,1.1764012145996077,1858
51.75,40.386257,11.36374282836914,11.36374282836914,1859
377.97,352.6137,25.356291503906277,25.356291503906277,1860
386.68,194.61737,192.06262939453126,192.06262939453126,1861
236.5,92.75781,143.7421875,143.7421875,1862
85.96,237.26898,-151.30898193359377,151.30898193359377,1863
431.928,657.7442,-225.81620166015625,225.81620166015625,1864
199.95,116.242744,83.70725555419921,83.70725555419921,1865
50.4,102.23541,-51.83541259765625,51.83541259765625,1866
38.28,203.22482,-164.94482299804687,164.94482299804687,1867
247.716,16.687798,231.0282024536133,231.0282024536133,1868
427.42,369.94168,57.47831909179689,57.47831909179689,1869
19.968,-14.426847,34.394847457885746,34.394847457885746,1870
4.624,8.431598,-3.807597709655762,3.807597709655762,1871
39.88,74.7926,-34.9126025390625,34.9126025390625,1872
42.784,36.53862,6.245380004882811,6.245380004882811,1873
29.22,107.38382,-78.16381958007813,78.16381958007813,1874
49.792,48.90058,0.8914186401367203,0.8914186401367203,1875
159.768,55.297714,104.47028576660156,104.47028576660156,1876
192.16,51.648624,140.51137557983398,140.51137557983398,1877
1537.074,632.1478,904.9261728515626,904.9261728515626,1878
3.64,21.032257,-17.392257080078124,17.392257080078124,1879
467.04,410.05573,56.98427490234377,56.98427490234377,1880
459.92,372.0189,87.90110961914064,87.90110961914064,1881
15.7,103.52465,-87.82465057373047,87.82465057373047,1882
63.882,26.132208,37.7497921295166,37.7497921295166,1883
11.96,16.33681,-4.3768091583251945,4.3768091583251945,1884
542.94,274.40378,268.5362219238282,268.5362219238282,1885
15.54,22.858786,-7.318785629272462,7.318785629272462,1886
54.32,50.12227,4.197731323242188,4.197731323242188,1887
43.188,26.414125,16.77387455749512,16.77387455749512,1888
19.98,26.559303,-6.579303283691406,6.579303283691406,1889
21.48,83.571175,-62.09117462158203,62.09117462158203,1890
492.835,515.3539,-22.51888183593752,22.51888183593752,1891
181.47,297.22845,-115.75845458984375,115.75845458984375,1892
3.424,6.7977953,-3.373795295715332,3.373795295715332,1893
4.24,-13.558617,17.798616638183596,17.798616638183596,1894
8.85,2.0752962,6.77470383644104,6.77470383644104,1895
60.144,93.41116,-33.26716333007813,33.26716333007813,1896
69.52,9.279063,60.240936775207516,60.240936775207516,1897
160.98,118.97353,42.006466369628896,42.006466369628896,1898
9.728,21.19926,-11.471260711669922,11.471260711669922,1899
119.616,60.47618,59.13981896972656,59.13981896972656,1900
6.928,-19.277544,26.205544021606446,26.205544021606446,1901
23.344,139.13705,-115.79305444335938,115.79305444335938,1902
13.128,4.3966284,8.731371620178223,8.731371620178223,1903
9.664,17.323511,-7.659511123657227,7.659511123657227,1904
14.952,9.513458,5.438541748046875,5.438541748046875,1905
241.96,194.57944,47.38056274414063,47.38056274414063,1906
1379.92,1582.1678,-202.24784667968743,202.24784667968743,1907
159.8,234.1783,-74.3782989501953,74.3782989501953,1908
79.92,48.134842,31.78515808105469,31.78515808105469,1909
34.36,98.407906,-64.04790557861328,64.04790557861328,1910
19.936,45.78389,-25.847889770507813,25.847889770507813,1911
106.08,410.32895,-304.2489489746094,304.2489489746094,1912
10.688,14.2682,-3.5801999206542963,3.5801999206542963,1913
20.46,2.4067528,18.053247175216676,18.053247175216676,1914
6.12,18.285254,-12.165253524780272,12.165253524780272,1915
4.554,28.974651,-24.42065133666992,24.42065133666992,1916
48.4,57.583755,-9.183755493164064,9.183755493164064,1917
153.552,7.50593,146.04607005310058,146.04607005310058,1918
37.94,14.742241,23.19775909423828,23.19775909423828,1919
34.24,17.797844,16.442156066894533,16.442156066894533,1920
319.96,283.64026,36.31974121093748,36.31974121093748,1921
35.92,104.0036,-68.08360107421875,68.08360107421875,1922
12.42,135.61574,-123.19573791503906,123.19573791503906,1923
15.224,-1.7091258,16.933125757217407,16.933125757217407,1924
164.688,82.27987,82.40813092041014,82.40813092041014,1925
45.584,65.30739,-19.72338830566406,19.72338830566406,1926
31.56,129.73009,-98.17008728027344,98.17008728027344,1927
6.192,87.002556,-80.81055584716796,80.81055584716796,1928
36.0,125.06674,-89.06674194335938,89.06674194335938,1929
10.16,6.9320297,3.2279702758789064,3.2279702758789064,1930
71.96,23.49597,48.46403022766113,48.46403022766113,1931
139.04,23.312466,115.72753433227538,115.72753433227538,1932
62.808,2.9503427,59.857657344818115,59.857657344818115,1933
67.8,175.58331,-107.78331298828125,107.78331298828125,1934
131.6,94.42711,37.17289123535156,37.17289123535156,1935
159.56,395.1282,-235.56820434570312,235.56820434570312,1936
84.95,110.231735,-25.281735229492185,25.281735229492185,1937
21.864,13.738771,8.125228561401368,8.125228561401368,1938
41.22,39.003284,2.2167155456542957,2.2167155456542957,1939
32.4,52.896782,-20.49678192138672,20.49678192138672,1940
87.6,54.062653,33.53734741210937,33.53734741210937,1941
1951.84,1736.0101,215.82986816406242,215.82986816406242,1942
37.056,242.52644,-205.47044348144533,205.47044348144533,1943
34.44,9.601229,24.83877128601074,24.83877128601074,1944
8.288,1.1592557,7.128744256973267,7.128744256973267,1945
62.28,62.817024,-0.5370242309570301,0.5370242309570301,1946
36.792,144.81935,-108.02735119628906,108.02735119628906,1947
186.048,479.85458,-293.8065837402344,293.8065837402344,1948
104.85,31.71647,73.1335292816162,73.1335292816162,1949
339.136,228.4629,110.67309411621096,110.67309411621096,1950
704.25,190.73999,513.510009765625,513.510009765625,1951
34.944,116.22772,-81.28372216796875,81.28372216796875,1952
6.48,13.608992,-7.128991622924804,7.128991622924804,1953
167.96,108.87675,59.08325286865235,59.08325286865235,1954
479.984,231.28392,248.70007971191404,248.70007971191404,1955
1119.984,1057.8942,62.089834960937424,62.089834960937424,1956
1395.54,1128.0939,267.44612792968746,267.44612792968746,1957
102.438,184.6611,-82.22310229492187,82.22310229492187,1958
128.85,140.942,-12.092001342773443,12.092001342773443,1959
342.37,452.21942,-109.84942138671875,109.84942138671875,1960
15.008,1.3331532,13.674846752166747,13.674846752166747,1961
242.352,367.3623,-125.0103046875,125.0103046875,1962
2.469,1.4891183,0.9798816623687743,0.9798816623687743,1963
27.52,126.73373,-99.21372650146485,99.21372650146485,1964
393.25,163.29802,229.9519805908203,229.9519805908203,1965
20.736,5.252722,15.483278213500977,15.483278213500977,1966
8.72,88.55934,-79.83934143066406,79.83934143066406,1967
20.88,94.31589,-73.43588745117188,73.43588745117188,1968
879.984,809.13947,70.84453466796879,70.84453466796879,1969
9.96,28.922722,-18.962721862792968,18.962721862792968,1970
79.1,166.16621,-87.06621398925782,87.06621398925782,1971
80.96,143.4661,-62.50609497070313,62.50609497070313,1972
21.594,1.4409802,20.153019804000856,20.153019804000856,1973
55.5,14.165841,41.3341588973999,41.3341588973999,1974
12.222,1.9055364,10.31646358680725,10.31646358680725,1975
121.792,16.348177,105.44382304382324,105.44382304382324,1976
19.44,38.24984,-18.809839782714842,18.809839782714842,1977
12.624,1.1592557,11.464744256973267,11.464744256973267,1978
12.588,-20.312916,32.900915802001954,32.900915802001954,1979
1000.02,839.8341,160.18589355468748,160.18589355468748,1980
9.96,44.685074,-34.72507385253906,34.72507385253906,1981
30.345,707.325,-676.9800122070312,676.9800122070312,1982
979.95,576.642,403.3079711914063,403.3079711914063,1983
21.456,57.653477,-36.19747671508789,36.19747671508789,1984
1123.128,762.87006,360.2579438476562,360.2579438476562,1985
344.372,373.5277,-29.155709960937486,29.155709960937486,1986
9.82,15.561392,-5.741391830444336,5.741391830444336,1987
111.96,351.89307,-239.93306640625002,239.93306640625002,1988
180.96,71.43788,109.52211853027345,109.52211853027345,1989
675.06,105.30257,569.7574334716796,569.7574334716796,1990
12.6,10.625145,1.974855041503906,1.974855041503906,1991
348.208,86.48163,261.7263715820313,261.7263715820313,1992
98.21,91.036896,7.173104248046869,7.173104248046869,1993
46.35,60.26934,-13.919340515136717,13.919340515136717,1994
2.78,7.818035,-5.0380351257324225,5.0380351257324225,1995
16.68,263.76654,-247.08654052734374,247.08654052734374,1996
479.988,436.40143,43.58657177734375,43.58657177734375,1997
352.45,326.6667,25.78331298828124,25.78331298828124,1998
